LOCATION,TIME,COMPULSORY_PC_GDP,VOLUNTARY_PC_GDP,OOPEXP_PC_GDP,TOT_PC_GDP,COMPULSORY_PC_HEALTHXP,VOLUNTARY_PC_HEALTHXP,OOPEXP_PC_HEALTHXP,COMPULSORY_USD_CAP,VOLUNTARY_USD_CAP,OOPEXP_USD_CAP,TOT_USD_CAP
ARG,2003,3.774,3.121,1.948,6.895,54.733,45.267,28.25,,,,
ARG,2004,3.746,3.483,1.997,7.229,51.822,48.178,27.63,,,,
ARG,2005,3.915,3.696,2.517,7.611,51.442,48.558,33.068,,,,
ARG,2006,4.019,3.621,2.476,7.64,52.605,47.395,32.411,,,,
ARG,2007,4.257,3.578,2.451,7.835,54.332,45.668,31.286,,,,
ARG,2008,4.509,3.674,2.476,8.183,55.1,44.9,30.262,,,,
ARG,2009,5.672,3.784,2.476,9.456,59.983,40.017,26.187,,,,
ARG,2010,5.572,3.874,2.53,9.445,58.988,41.012,26.78,,,,
ARG,2011,5.688,3.73,2.533,9.418,60.391,39.609,26.893,1040.819,682.647,463.491,1723.466
ARG,2012,6.144,3.683,2.564,9.827,62.52,37.48,26.087,1144.778,686.288,477.679,1831.066
ARG,2013,6.264,3.517,2.623,9.781,64.039,35.961,26.817,1209.008,678.918,506.293,1887.926
ARG,2014,6.361,3.31,2.615,9.671,65.775,34.225,27.042,1202.92,625.925,494.558,1828.845
ARG,2015,6.853,3.376,2.653,10.229,66.997,33.003,25.932,1330.938,655.634,515.165,1986.572
ARG,2016,5.619,3.383,2.662,9.002,62.415,37.585,29.569,1101.09,663.048,521.631,1764.138
ARG,2017,6.644,3.798,2.698,10.442,63.629,36.371,25.841,1623.848,928.199,659.479,2552.047
ARG,2018,5.883,3.651,2.644,9.534,61.704,38.296,27.73,1419.077,880.73,637.726,2299.808
ARG,2019,5.857,3.498,2.588,9.355,62.605,37.395,27.659,1411.145,842.902,623.436,2254.047
ARG,2020,6.644,3.34,2.417,9.984,66.546,33.454,24.211,1443.829,725.832,525.287,2169.661
AUS,2003,5.363,2.518,1.509,7.881,68.05,31.95,19.148,1754.813,823.896,493.762,2578.709
AUS,2004,5.527,2.56,1.554,8.087,68.345,31.655,19.219,1926.05,892.086,541.61,2818.137
AUS,2005,5.452,2.518,1.566,7.97,68.402,31.598,19.643,1964.812,907.628,564.235,2872.44
AUS,2006,5.449,2.528,1.575,7.977,68.307,31.693,19.749,2046.759,949.637,591.771,2996.396
AUS,2007,5.583,2.472,1.531,8.055,69.308,30.692,19.003,2217.728,982.108,608.051,3199.837
AUS,2008,5.691,2.557,1.571,8.249,68.998,31.002,19.042,2311.545,1038.599,637.921,3350.144
AUS,2009,5.921,2.624,1.628,8.545,69.296,30.704,19.053,2368.419,1049.413,651.194,3417.833
AUS,2010,5.779,2.641,1.663,8.42,68.636,31.364,19.749,2466.376,1127.019,709.67,3593.395
AUS,2011,5.909,2.628,1.637,8.537,69.214,30.786,19.172,2636.42,1172.692,730.301,3809.112
AUS,2012,5.858,2.816,1.729,8.675,67.536,32.464,19.934,2602.958,1251.232,768.307,3854.19
AUS,2013,5.685,3.065,1.709,8.751,64.97,35.03,19.527,2655.875,1431.974,798.231,4087.849
AUS,2014,6.644,3.19,1.755,9.834,67.561,32.439,17.847,3078.421,1478.071,813.214,4556.492
AUS,2015,6.984,3.199,1.752,10.182,68.587,31.413,17.202,3275.818,1500.341,821.589,4776.158
AUS,2016,6.943,3.149,1.71,10.093,68.795,31.205,16.947,3465.407,1571.859,853.644,5037.266
AUS,2017,6.987,3.135,1.681,10.123,69.027,30.973,16.604,3502.863,1571.79,842.612,5074.653
AUS,2018,6.995,3.065,1.634,10.06,69.536,30.464,16.244,3609.536,1581.351,843.222,5190.886
AUS,2019,7.347,2.873,1.506,10.22,71.892,28.108,14.734,3685.634,1441.019,755.359,5126.653
AUS,2020,7.683,3.001,1.593,10.684,71.914,28.086,14.913,4093.631,1598.771,848.888,5692.402
AUT,2003,7.112,2.435,1.803,9.547,74.498,25.502,18.888,2382.439,815.561,604.05,3198.001
AUT,2004,7.125,2.585,1.874,9.709,73.38,26.62,19.302,2502.963,908.011,658.383,3410.974
AUT,2005,7.122,2.505,1.847,9.627,73.975,26.025,19.183,2571.288,904.58,666.785,3475.868
AUT,2006,7.091,2.44,1.792,9.531,74.4,25.6,18.806,2704.417,930.534,683.599,3634.95
AUT,2007,7.089,2.444,1.793,9.532,74.365,25.635,18.806,2822.617,973.026,713.814,3795.642
AUT,2008,7.29,2.435,1.774,9.726,74.959,25.041,18.244,3005.333,1003.974,731.455,4009.307
AUT,2009,7.68,2.546,1.846,10.226,75.1,24.9,18.051,3071.731,1018.478,738.335,4090.209
AUT,2010,7.63,2.591,1.901,10.221,74.647,25.353,18.602,3179.213,1079.776,792.241,4258.99
AUT,2011,7.481,2.545,1.879,10.026,74.614,25.386,18.74,3242.115,1103.043,814.264,4345.158
AUT,2012,7.617,2.583,1.905,10.199,74.678,25.322,18.674,3426.502,1161.841,856.832,4588.344
AUT,2013,7.612,2.674,1.972,10.286,74.006,25.994,19.171,3527.936,1239.147,913.909,4767.083
AUT,2014,7.673,2.695,1.98,10.368,74.011,25.989,19.098,3595.68,1262.652,927.853,4858.332
AUT,2015,7.678,2.69,1.979,10.368,74.058,25.942,19.091,3661.08,1282.436,943.771,4943.516
AUT,2016,7.657,2.696,1.992,10.352,73.961,26.039,19.243,3842.679,1352.853,999.795,5195.532
AUT,2017,7.686,2.698,1.989,10.384,74.019,25.981,19.153,3934.348,1381.007,1018.037,5315.355
AUT,2018,7.727,2.621,1.907,10.349,74.669,25.331,18.425,4120.625,1397.913,1016.81,5518.538
AUT,2019,7.872,2.615,1.879,10.487,75.066,24.934,17.915,4222.821,1402.62,1007.809,5625.442
AUT,2020,8.747,2.639,1.895,11.385,76.825,23.175,16.646,4504.759,1358.905,976.047,5863.664
BEL,2003,6.798,2.367,1.901,9.164,74.175,25.825,20.744,2153.135,749.641,602.152,2902.776
BEL,2004,7.001,2.328,1.86,9.328,75.048,24.952,19.939,2316.13,770.074,615.343,3086.204
BEL,2005,6.904,2.319,1.845,9.224,74.853,25.147,20.004,2323.576,780.598,620.972,3104.173
BEL,2006,6.814,2.316,1.844,9.13,74.635,25.365,20.203,2384.856,810.504,645.571,3195.361
BEL,2007,6.782,2.354,1.879,9.136,74.232,25.768,20.561,2455.29,852.287,680.074,3307.577
BEL,2008,7.273,2.322,1.91,9.595,75.795,24.205,19.902,2687.003,858.083,705.543,3545.086
BEL,2009,7.879,2.442,2.03,10.321,76.34,23.66,19.669,2833.191,878.088,729.973,3711.279
BEL,2010,7.783,2.42,2.012,10.202,76.283,23.717,19.721,2981.499,926.974,770.778,3908.473
BEL,2011,7.898,2.465,2.031,10.363,76.21,23.79,19.597,3089.445,964.438,794.455,4053.883
BEL,2012,8.033,2.469,2.043,10.502,76.491,23.509,19.454,3244.821,997.286,825.274,4242.107
BEL,2013,8.04,2.537,2.088,10.577,76.018,23.982,19.74,3376.969,1065.378,876.938,4442.347
BEL,2014,8.079,2.53,2.073,10.609,76.151,23.849,19.536,3498.937,1095.779,897.615,4594.716
BEL,2015,8.25,2.547,2.054,10.797,76.411,23.589,19.023,3681.428,1136.489,916.493,4817.917
BEL,2016,8.29,2.504,1.993,10.794,76.802,23.198,18.469,3850.358,1162.996,925.921,5013.354
BEL,2017,8.289,2.51,1.987,10.799,76.759,23.241,18.4,3948.129,1195.397,946.396,5143.526
BEL,2018,8.323,2.538,2.009,10.861,76.63,23.37,18.499,4100.433,1250.541,989.88,5350.974
BEL,2019,8.124,2.671,2.138,10.795,75.255,24.745,19.807,4081.614,1342.062,1074.285,5423.676
BEL,2020,8.726,2.472,1.948,11.198,77.926,22.074,17.394,4292.961,1216.093,958.229,5509.054
BGR,2003,4.393,2.807,2.74,7.2,61.013,38.987,38.061,381.999,244.091,238.295,626.09
BGR,2004,4.117,2.774,2.701,6.891,59.743,40.257,39.203,391.627,263.893,256.985,655.52
BGR,2005,4.128,2.762,2.678,6.89,59.908,40.092,38.867,426.123,285.175,276.463,711.299
BGR,2006,3.659,2.866,2.783,6.525,56.074,43.926,42.647,407.194,318.978,309.693,726.172
BGR,2007,3.457,2.7,2.622,6.157,56.149,43.851,42.593,438.572,342.519,332.688,781.091
BGR,2008,3.532,2.751,2.678,6.283,56.21,43.79,42.629,490.589,382.192,372.059,872.781
BGR,2009,3.583,3.012,2.926,6.596,54.329,45.671,44.367,487.252,409.608,397.913,896.859
BGR,2010,3.932,3.163,3.061,7.096,55.42,44.58,43.141,572.343,460.395,445.537,1032.738
BGR,2011,3.86,3.243,3.158,7.103,54.339,45.661,44.455,618.143,519.423,505.706,1137.566
BGR,2012,3.845,3.694,3.6,7.539,51.005,48.995,47.744,640.762,615.51,599.801,1256.272
BGR,2013,4.057,3.086,2.99,7.143,56.793,43.207,41.862,703.925,535.538,518.869,1239.463
BGR,2014,4.493,3.19,3.092,7.683,58.48,41.52,40.241,823.496,584.683,566.664,1408.178
BGR,2015,4.148,3.243,3.142,7.391,56.125,43.875,42.51,806.298,630.324,610.707,1436.623
BGR,2016,4.128,3.329,3.225,7.457,55.356,44.644,43.255,884.791,713.561,691.363,1598.353
BGR,2017,4.222,3.27,3.161,7.492,56.348,43.652,42.194,953.799,738.897,714.214,1692.697
BGR,2018,4.33,2.999,2.882,7.329,59.08,40.92,39.328,1043.881,723.024,694.896,1766.905
BGR,2019,4.295,2.794,2.679,7.089,60.59,39.41,37.796,1087.97,707.651,678.665,1795.621
BGR,2020,5.351,3.127,3.012,8.478,63.115,36.885,35.525,1339.922,783.06,754.195,2122.982
BRA,2003,3.51,4.679,2.905,8.189,42.857,57.143,35.474,,,,
BRA,2004,3.467,4.658,2.873,8.125,42.67,57.33,35.366,,,,
BRA,2005,3.345,4.69,2.883,8.035,41.632,58.368,35.876,,,,
BRA,2006,3.542,4.708,2.835,8.25,42.93,57.07,34.371,,,,
BRA,2007,3.485,4.717,2.714,8.202,42.489,57.511,33.094,,,,
BRA,2008,3.505,4.507,2.474,8.011,43.746,56.254,30.884,,,,
BRA,2009,3.708,4.687,2.62,8.395,44.167,55.833,31.21,,,,
BRA,2010,3.577,4.368,2.335,7.945,45.023,54.977,29.385,,,,
BRA,2011,3.467,4.322,2.282,7.788,44.511,55.489,29.3,524.649,654.044,345.352,1178.694
BRA,2012,3.356,4.38,2.296,7.736,43.382,56.618,29.682,530.384,692.22,362.894,1222.604
BRA,2013,3.556,4.42,2.248,7.977,44.582,55.418,28.177,579.221,719.993,366.08,1299.214
BRA,2014,3.709,4.688,2.366,8.396,44.172,55.828,28.18,608.007,768.432,387.884,1376.439
BRA,2015,3.861,4.795,2.201,8.909,43.332,53.815,24.707,589.658,732.31,336.217,1360.799
BRA,2016,3.952,5.046,2.239,9.169,43.101,55.034,24.421,577.555,737.457,327.235,1339.996
BRA,2017,3.959,5.225,2.317,9.471,41.797,55.167,24.468,581.556,767.575,340.44,1391.372
BRA,2018,3.897,5.282,2.35,9.465,41.173,55.81,24.825,591.846,802.239,356.851,1437.449
BRA,2019,3.93,5.386,2.392,9.614,40.876,56.021,24.88,612.209,839.049,372.634,1497.734
BRA,2020,4.538,5.3,2.266,10.12,44.836,52.371,22.392,705.14,823.646,352.168,1572.708
CAN,2003,6.303,2.708,1.374,9.011,69.949,30.051,15.251,2038.457,875.749,444.46,2914.206
CAN,2004,6.335,2.731,1.386,9.066,69.879,30.121,15.288,2181.901,940.494,477.348,3122.396
CAN,2005,6.312,2.723,1.389,9.035,69.861,30.139,15.368,2299.773,992.138,505.911,3291.912
CAN,2006,6.487,2.855,1.483,9.342,69.435,30.565,15.872,2420.939,1065.682,553.382,3486.621
CAN,2007,6.573,2.872,1.473,9.445,69.591,30.409,15.594,2581.542,1128.073,578.495,3709.615
CAN,2008,6.702,2.906,1.488,9.608,69.754,30.246,15.484,2685.2,1164.344,596.074,3849.544
CAN,2009,7.485,3.177,1.623,10.662,70.199,29.801,15.225,2755.281,1169.671,597.567,3924.952
CAN,2010,7.461,3.215,1.67,10.676,69.882,30.118,15.647,2897.058,1248.571,648.666,4145.628
CAN,2011,7.289,3.09,1.577,10.38,70.229,29.771,15.197,2961.86,1255.597,640.939,4217.457
CAN,2012,7.409,3.1,1.58,10.51,70.5,29.5,15.032,3055.619,1278.563,651.514,4334.182
CAN,2013,7.383,3.029,1.519,10.412,70.909,29.091,14.593,3139.507,1287.992,646.101,4427.499
CAN,2014,7.257,3.001,1.512,10.258,70.748,29.252,14.744,3209.575,1327.052,668.871,4536.627
CAN,2015,7.607,3.131,1.582,10.739,70.841,29.159,14.734,3282.159,1351,682.641,4633.159
CAN,2016,7.705,3.327,1.725,11.032,69.841,30.159,15.639,3522.563,1521.136,788.77,5043.699
CAN,2017,7.593,3.314,1.729,10.906,69.616,30.384,15.853,3600.212,1571.341,819.831,5171.553
CAN,2018,7.599,3.306,1.701,10.905,69.685,30.315,15.595,3719.369,1618.031,832.345,5337.4
CAN,2019,7.652,3.357,1.702,11.009,69.511,30.489,15.456,3630.292,1592.351,807.214,5222.644
CAN,2020,9.606,3.429,1.796,13.035,73.697,26.303,13.776,4332.676,1546.399,809.897,5879.075
CHE,2003,6.247,3.89,2.901,10.137,61.628,38.372,28.623,2412.873,1502.361,1120.639,3915.233
CHE,2004,6.296,3.93,2.941,10.226,61.571,38.429,28.757,2529.352,1578.653,1181.353,4108.005
CHE,2005,6.343,3.716,2.73,10.058,63.058,36.942,27.144,2589.208,1516.85,1114.55,4106.058
CHE,2006,5.983,3.597,2.62,9.58,62.456,37.544,27.349,2644.728,1589.792,1158.118,4234.52
CHE,2007,5.879,3.538,2.574,9.417,62.432,37.568,27.333,2870.169,1727.139,1256.597,4597.308
CHE,2008,6.059,3.473,2.526,9.532,63.563,36.437,26.498,3117.823,1787.234,1299.735,4905.058
CHE,2009,6.498,3.643,2.657,10.142,64.077,35.923,26.201,3241.79,1817.44,1325.584,5059.23
CHE,2010,6.297,3.561,2.52,9.934,63.388,35.845,25.364,3198.834,1808.907,1279.97,5046.462
CHE,2011,6.395,3.535,2.492,10.046,63.659,35.192,24.804,3328.662,1840.163,1296.963,5228.913
CHE,2012,6.672,3.438,2.522,10.144,65.77,33.887,24.863,3593.252,1851.36,1358.373,5463.4
CHE,2013,6.796,3.496,2.546,10.379,65.474,33.684,24.531,3812.694,1961.499,1428.487,5823.259
CHE,2014,6.851,3.451,2.503,10.428,65.702,33.093,23.999,3932.03,1980.525,1436.253,5984.648
CHE,2015,7.126,3.533,2.548,10.779,66.107,32.78,23.635,4137.587,2051.698,1479.286,6258.916
CHE,2016,7.322,3.524,2.523,10.99,66.622,32.07,22.957,4362.323,2099.908,1503.198,6547.904
CHE,2017,7.381,3.535,2.55,11.045,66.824,32.007,23.091,4356.142,2086.474,1505.29,6518.816
CHE,2018,7.125,3.473,2.513,10.772,66.146,32.244,23.333,4366.709,2128.59,1540.353,6601.596
CHE,2019,7.328,3.607,2.588,11.064,66.233,32.6,23.395,4443.132,2186.916,1569.415,6708.349
CHE,2020,7.936,3.707,2.656,11.732,67.647,31.598,22.638,4750.437,2218.944,1589.697,7022.378
CHL,2003,3.786,3.465,3.101,7.25,52.211,47.789,42.764,368.896,337.65,302.146,706.546
CHL,2004,3.662,3.248,2.892,6.91,52.998,47.002,41.844,406.137,360.181,320.659,766.318
CHL,2005,3.506,3.118,2.813,6.624,52.929,47.071,42.471,429.094,381.597,344.308,810.691
CHL,2006,3.285,2.788,2.474,6.072,54.093,45.907,40.75,519.017,440.466,390.989,959.483
CHL,2007,3.416,2.797,2.435,6.213,54.98,45.02,39.187,583.189,477.532,415.668,1060.721
CHL,2008,3.801,2.938,2.523,6.74,56.402,43.598,37.43,637.013,492.398,422.743,1129.411
CHL,2009,4.638,3.22,2.708,7.858,59.027,40.973,34.468,773.595,536.976,451.723,1310.57
CHL,2010,4.025,2.794,2.351,6.82,59.027,40.973,34.468,740.353,513.902,432.312,1254.254
CHL,2011,4.043,2.757,2.346,6.799,59.458,40.542,34.499,805.926,549.526,467.621,1355.452
CHL,2012,4.211,2.808,2.345,7.02,59.996,40.004,33.408,891.117,594.167,496.198,1485.284
CHL,2013,4.437,3.038,2.515,7.476,59.352,40.645,33.638,984.124,673.943,557.761,1658.112
CHL,2014,4.622,3.219,2.687,7.842,58.948,41.052,34.269,1034.529,720.459,601.412,1754.988
CHL,2015,4.906,3.445,2.882,8.351,58.746,41.254,34.509,1077.144,756.409,632.745,1833.552
CHL,2016,5.006,3.552,2.974,8.558,58.492,41.508,34.751,1135.48,805.776,674.602,1941.256
CHL,2017,5.468,3.623,3.028,9.091,60.146,39.854,33.305,1274.817,844.735,705.919,2119.552
CHL,2018,5.565,3.661,3.067,9.226,60.317,39.683,33.247,1375.913,905.235,758.407,2281.148
CHL,2019,5.674,3.689,3.071,9.363,60.602,39.398,32.8,1392.014,904.973,753.413,2296.988
CHL,2020,6.325,3.402,2.852,9.727,65.024,34.976,29.321,1571.871,845.513,708.795,2417.384
CHN,2003,1.251,3.152,2.677,4.409,28.374,71.499,60.718,,,,
CHN,2004,1.295,2.981,2.516,4.281,30.244,69.633,58.769,,,,
CHN,2005,1.37,2.804,2.414,4.184,32.758,67.032,57.69,,,,
CHN,2006,1.391,2.554,2.212,3.95,35.212,64.643,55.991,,,,
CHN,2007,1.436,2.237,1.888,3.68,39.026,60.793,51.291,,,,
CHN,2008,1.73,2.15,1.841,3.886,44.522,55.322,47.368,,,,
CHN,2009,2.143,2.191,1.885,4.339,49.398,50.496,43.456,,,,
CHN,2010,2.177,2.012,1.711,4.194,51.906,47.972,40.8,,,,
CHN,2011,2.315,1.991,1.735,4.309,53.722,46.202,40.266,239.061,205.6,179.18,444.997
CHN,2012,2.547,2.02,1.793,4.57,55.735,44.208,39.235,287.251,227.844,202.209,515.385
CHN,2013,2.705,2.034,1.809,4.742,57.05,42.894,38.16,324.104,243.683,216.785,568.102
CHN,2014,2.804,1.995,1.755,4.8,58.415,41.554,36.565,351.454,250.01,219.991,601.645
CHN,2015,2.986,1.975,1.741,4.961,60.181,39.81,35.089,385.841,255.238,224.969,641.134
CHN,2016,2.892,2.085,1.787,4.977,58.101,41.897,35.906,391.54,282.34,241.969,673.891
CHN,2017,2.86,2.187,1.82,5.047,56.673,43.326,36.05,417.081,318.855,265.309,735.94
CHN,2018,2.914,2.234,1.841,5.148,56.609,43.39,35.75,462.283,354.33,291.945,816.619
CHN,2019,3.015,2.358,1.893,5.373,56.109,43.89,35.23,506.022,395.826,317.723,901.854
CHN,2020,3.102,2.558,1.969,5.66,54.806,45.194,34.791,536.437,442.349,340.53,978.788
COL,2003,4.608,1.167,0.497,5.775,79.788,20.212,8.604,,,,
COL,2004,4.407,1.392,0.798,5.799,75.994,24.006,13.759,,,,
COL,2005,4.499,1.568,0.995,6.067,74.158,25.842,16.408,,,,
COL,2006,4.712,1.623,1.136,6.336,74.376,25.624,17.933,,,,
COL,2007,4.749,1.742,1.249,6.491,73.16,26.84,19.249,,,,
COL,2008,4.911,1.931,1.427,6.842,71.772,28.228,20.853,,,,
COL,2009,5.438,1.873,1.317,7.311,74.379,25.621,18.015,,,,
COL,2010,5.29,1.781,1.202,7.071,74.813,25.187,17.004,,,,
COL,2011,5.15,1.631,1.039,6.781,75.953,24.047,15.316,601.315,190.375,121.253,791.69
COL,2012,4.984,1.762,1.205,6.746,73.875,26.125,17.859,619.278,219.004,149.705,838.282
COL,2013,5.304,1.713,1.204,7.017,75.587,24.413,17.153,699.502,225.926,158.738,925.428
COL,2014,5.474,1.711,1.17,7.186,76.184,23.816,16.277,752.201,235.141,160.71,987.342
COL,2015,5.741,1.783,1.159,7.523,76.303,23.697,15.401,789.755,245.265,159.404,1035.02
COL,2016,5.731,1.8,1.176,7.531,76.094,23.906,15.612,838.273,263.355,171.988,1101.628
COL,2017,5.882,1.796,1.18,7.679,76.609,23.391,15.363,872.91,266.532,175.053,1139.442
COL,2018,5.892,1.734,1.154,7.625,77.264,22.736,15.131,920.899,270.987,180.341,1191.885
COL,2019,5.947,1.832,1.147,7.78,76.45,23.55,14.738,947.719,291.942,182.697,1239.66
COL,2020,6.749,1.966,1.264,8.714,77.443,22.557,14.506,1001.512,291.711,187.599,1293.223
CRI,2003,4.689,2.28,2.144,6.969,67.287,32.713,30.765,,,,
CRI,2004,4.431,2.199,2.126,6.63,66.831,33.169,32.06,,,,
CRI,2005,4.321,2.343,2.184,6.664,64.845,35.155,32.774,,,,
CRI,2006,4.641,2.295,2.155,6.935,66.912,33.088,31.077,,,,
CRI,2007,4.685,2.311,2.163,6.996,66.968,33.032,30.912,,,,
CRI,2008,5.121,2.348,2.204,7.469,68.565,31.435,29.511,,,,
CRI,2009,5.638,2.222,2.075,7.86,71.733,28.267,26.402,,,,
CRI,2010,5.871,2.159,2.038,8.029,73.115,26.885,25.384,,,,
CRI,2011,5.919,2.193,2.075,8.112,72.966,27.034,25.586,858.196,317.965,300.937,1176.161
CRI,2012,5.766,2.015,1.891,7.782,74.104,25.896,24.3,902.847,315.51,296.062,1218.357
CRI,2013,5.751,1.928,1.768,7.679,74.893,25.107,23.028,927.252,310.844,285.114,1238.096
CRI,2014,5.59,2.071,1.854,7.662,72.964,27.036,24.202,957.609,354.836,317.641,1312.446
CRI,2015,5.682,1.909,1.7,7.592,74.848,25.152,22.399,1034.842,347.747,309.688,1382.59
CRI,2016,5.494,1.821,1.61,7.315,75.101,24.899,22.012,1061.383,351.883,311.083,1413.267
CRI,2017,5.282,1.764,1.497,7.045,74.967,25.033,21.255,1083.6,361.838,307.233,1445.438
CRI,2018,5.379,1.907,1.633,7.286,73.824,26.176,22.416,1129.297,400.423,342.909,1529.721
CRI,2019,5.339,1.882,1.612,7.221,73.937,26.063,22.325,1150.589,405.579,347.408,1556.168
CRI,2020,5.931,1.894,1.588,7.825,75.796,24.204,20.287,1226.253,391.57,328.204,1617.823
CYP,2003,2.496,3.137,2.686,5.633,44.311,55.689,47.681,620.268,779.542,667.446,1399.81
CYP,2004,2.248,3.154,2.696,5.402,41.614,58.386,49.917,594.183,833.676,712.746,1427.858
CYP,2005,2.244,3.162,2.709,5.406,41.506,58.494,50.106,615.975,868.081,743.608,1484.056
CYP,2006,2.336,3.101,2.64,5.437,42.96,57.04,48.568,677.123,899.055,765.512,1576.178
CYP,2007,2.301,3.022,2.614,5.323,43.229,56.77,49.114,740.487,972.432,841.283,1712.921
CYP,2008,2.528,3.494,3.091,6.022,41.974,58.026,51.332,856.922,1184.646,1047.975,2041.57
CYP,2009,2.778,3.692,3.228,6.469,42.935,57.065,49.894,888.696,1181.155,1032.729,2069.852
CYP,2010,2.999,3.481,2.802,6.501,46.139,53.547,43.106,957.272,1110.961,894.339,2074.744
CYP,2011,3.077,3.333,2.661,6.431,47.84,51.817,41.375,967.649,1048.091,836.885,2022.696
CYP,2012,3.029,3.484,2.77,6.536,46.343,53.305,42.372,922.297,1060.86,843.268,1990.17
CYP,2013,3.193,3.704,2.951,6.928,46.091,53.465,42.599,929.664,1078.4,859.239,2017.033
CYP,2014,2.984,3.919,3.127,6.931,43.045,56.538,45.111,873.023,1146.68,914.926,2028.17
CYP,2015,2.862,3.881,2.964,6.794,42.131,57.128,43.625,878.556,1191.284,909.708,2085.298
CYP,2016,2.787,3.865,2.968,6.653,41.895,58.105,44.607,958.318,1329.104,1020.35,2287.422
CYP,2017,2.748,3.873,2.964,6.622,41.506,58.494,44.758,1002.479,1412.787,1081.032,2415.264
CYP,2018,2.869,3.957,3.028,6.826,42.026,57.974,44.361,1099.073,1516.137,1160.132,2615.209
CYP,2019,3.83,3.237,2.383,7.066,54.197,45.803,33.726,1508.425,1274.825,938.692,2783.252
CYP,2020,6.294,2.114,1.494,8.408,74.857,25.143,17.768,2336.187,784.667,554.501,3120.853
CZE,2003,5.832,0.692,0.676,6.524,89.386,10.614,10.367,1245.882,147.942,144.501,1393.824
CZE,2004,5.638,0.712,0.68,6.351,88.781,11.219,10.705,1299.808,164.251,156.728,1464.059
CZE,2005,5.506,0.834,0.703,6.341,86.839,13.161,11.093,1322.908,200.487,168.988,1523.395
CZE,2006,5.32,0.843,0.718,6.164,86.316,13.684,11.646,1346.693,213.493,181.7,1560.186
CZE,2007,5.069,0.916,0.816,5.986,84.69,15.31,13.631,1406.267,254.223,226.342,1660.49
CZE,2008,5.197,1.133,1.021,6.33,82.104,17.896,16.133,1496.702,326.235,294.094,1822.937
CZE,2009,6.036,1.213,1.091,7.249,83.27,16.73,15.051,1706.016,342.759,308.352,2048.775
CZE,2010,6.44,1.146,1.08,7.586,84.891,15.109,14.23,1875.284,333.752,314.344,2209.036
CZE,2011,6.395,1.163,1.095,7.558,84.613,15.387,14.489,1884.882,342.76,322.765,2227.642
CZE,2012,6.452,1.172,1.105,7.624,84.626,15.374,14.487,1932.821,351.147,330.875,2283.968
CZE,2013,6.356,1.165,1.095,7.521,84.507,15.493,14.556,2015.274,369.47,347.134,2384.745
CZE,2014,6.404,1.209,1.109,7.612,84.122,15.878,14.565,2161.863,408.052,374.308,2569.915
CZE,2015,6.213,1.156,1.095,7.369,84.318,15.682,14.856,2197.229,408.66,387.118,2605.889
CZE,2016,6.273,1.173,1.104,7.446,84.251,15.749,14.827,2357.659,440.72,414.907,2798.379
CZE,2017,6.228,1.152,1.074,7.381,84.388,15.612,14.546,2505.925,463.617,431.958,2969.542
CZE,2018,6.341,1.13,1.06,7.47,84.879,15.121,14.187,2655.449,473.074,443.834,3128.523
CZE,2019,6.462,1.142,1.072,7.603,84.987,15.013,14.092,2780.961,491.263,461.137,3272.224
CZE,2020,8.081,1.133,1.062,9.214,87.702,12.298,11.528,3336.273,467.829,438.546,3804.101
DEU,2003,8.022,2.38,1.322,10.402,77.115,22.884,12.709,2567.454,761.906,423.119,3329.374
DEU,2004,7.666,2.48,1.409,10.146,75.552,24.448,13.886,2562.374,829.146,470.93,3391.521
DEU,2005,7.769,2.543,1.441,10.312,75.339,24.661,13.979,2584.095,845.845,479.461,3429.955
DEU,2006,7.628,2.552,1.462,10.18,74.932,25.068,14.364,2672.886,894.175,512.39,3567.061
DEU,2007,7.531,2.521,1.434,10.051,74.921,25.079,14.268,2810.127,940.66,535.168,3750.787
DEU,2008,7.694,2.558,1.432,10.251,75.051,24.949,13.971,2968.352,986.784,552.587,3955.136
DEU,2009,9.365,1.873,1.545,11.238,83.334,16.666,13.745,3465.239,693.027,571.569,4158.266
DEU,2010,9.236,1.86,1.532,11.096,83.24,16.76,13.807,3681.757,741.313,610.693,4423.07
DEU,2011,8.958,1.82,1.493,10.778,83.11,16.89,13.848,3795.349,771.314,632.39,4566.663
DEU,2012,9.006,1.848,1.522,10.853,82.975,17.025,14.025,3937.585,807.945,665.544,4745.53
DEU,2013,9.22,1.779,1.451,10.999,83.83,16.17,13.19,4151.193,800.741,653.138,4951.934
DEU,2014,9.285,1.741,1.419,11.026,84.209,15.791,12.873,4339.645,813.804,663.42,5153.434
DEU,2015,9.421,1.77,1.45,11.19,84.186,15.814,12.953,4461.123,837.998,686.4,5299.105
DEU,2016,9.483,1.759,1.442,11.242,84.353,15.647,12.825,4785.943,887.775,727.675,5673.733
DEU,2017,9.566,1.77,1.449,11.336,84.387,15.614,12.785,5043.35,933.138,764.109,5976.472
DEU,2018,9.657,1.824,1.497,11.481,84.117,15.884,13.037,5290.997,999.097,820.051,6290.078
DEU,2019,9.838,1.877,1.56,11.716,83.977,16.024,13.319,5389.886,1028.452,854.851,6418.323
DEU,2020,10.801,1.891,1.559,12.693,85.098,14.902,12.282,5910.842,1035.066,853.125,6945.909
DNK,2003,7.471,1.433,1.296,8.904,83.91,16.09,14.557,2284.957,438.152,396.408,2723.11
DNK,2004,7.526,1.482,1.34,9.007,83.549,16.451,14.871,2440.172,480.473,434.333,2920.644
DNK,2005,7.613,1.478,1.337,9.091,83.744,16.256,14.709,2524.868,490.114,443.48,3014.982
DNK,2006,7.69,1.479,1.332,9.169,83.87,16.13,14.526,2758.679,530.543,477.806,3289.222
DNK,2007,7.806,1.519,1.358,9.325,83.708,16.292,14.562,2982.598,580.487,518.85,3563.086
DNK,2008,7.991,1.52,1.343,9.511,84.02,15.98,14.118,3174.025,603.683,533.329,3777.707
DNK,2009,9.015,1.659,1.461,10.674,84.459,15.541,13.685,3391.992,624.16,549.595,4016.152
DNK,2010,8.922,1.669,1.454,10.591,84.241,15.759,13.73,3593.404,672.197,585.648,4265.601
DNK,2011,8.716,1.672,1.446,10.388,83.906,16.094,13.924,3579.656,686.598,594.013,4266.254
DNK,2012,8.861,1.645,1.422,10.506,84.343,15.657,13.534,3733.537,693.09,599.102,4426.627
DNK,2013,8.705,1.605,1.379,10.31,84.433,15.567,13.372,3814.03,703.218,604.065,4517.248
DNK,2014,8.688,1.604,1.375,10.292,84.418,15.582,13.362,3874.565,715.199,613.267,4589.765
DNK,2015,8.699,1.629,1.392,10.328,84.231,15.769,13.48,3975.174,744.208,636.155,4719.382
DNK,2016,8.616,1.622,1.386,10.237,84.159,15.841,13.54,4118.832,775.248,662.677,4894.079
DNK,2017,8.478,1.62,1.383,10.098,83.957,16.043,13.694,4292.672,820.287,700.148,5112.959
DNK,2018,8.457,1.641,1.396,10.098,83.75,16.25,13.824,4444.355,862.35,733.603,5306.704
DNK,2019,8.499,1.654,1.4,10.152,83.709,16.291,13.794,4486.639,873.137,739.351,5359.776
DNK,2020,8.95,1.61,1.366,10.56,84.756,15.244,12.933,4828.686,868.507,736.812,5697.193
ESP,2003,5.378,2.185,1.698,7.563,71.104,28.896,22.457,1432.776,582.27,452.523,2015.047
ESP,2004,5.464,2.194,1.697,7.658,71.35,28.65,22.159,1514.798,608.266,470.442,2123.064
ESP,2005,5.533,2.199,1.683,7.732,71.555,28.445,21.764,1583.139,629.327,481.53,2212.465
ESP,2006,5.645,2.184,1.646,7.829,72.1,27.9,21.025,1726.24,667.999,503.382,2394.239
ESP,2007,5.725,2.193,1.642,7.919,72.303,27.697,20.733,1796.526,688.191,515.158,2484.716
ESP,2008,6.143,2.239,1.73,8.382,73.284,26.716,20.641,1958.102,713.834,551.508,2671.937
ESP,2009,6.837,2.27,1.732,9.108,75.072,24.928,19.017,2059.588,683.887,521.719,2743.475
ESP,2010,6.789,2.33,1.85,9.119,74.445,25.555,20.29,2037.935,699.574,555.448,2737.508
ESP,2011,6.737,2.431,1.87,9.168,73.484,26.516,20.392,2009.011,724.934,557.506,2733.945
ESP,2012,6.601,2.553,1.996,9.154,72.108,27.892,21.807,1967.214,760.931,594.937,2728.146
ESP,2013,6.436,2.628,2.064,9.064,71.006,28.994,22.775,1962.705,801.417,629.521,2764.122
ESP,2014,6.383,2.701,2.102,9.085,70.264,29.736,23.135,2007.912,849.759,661.116,2857.671
ESP,2015,6.505,2.617,2.034,9.122,71.316,28.684,22.297,2153.396,866.132,673.271,3019.529
ESP,2016,6.402,2.545,1.965,8.947,71.553,28.447,21.96,2252.954,895.701,691.438,3148.656
ESP,2017,6.307,2.638,1.99,8.945,70.508,29.492,22.246,2339.404,978.516,738.092,3317.92
ESP,2018,6.318,2.679,2.001,8.997,70.224,29.776,22.244,2406.813,1020.509,762.388,3427.322
ESP,2019,6.452,2.694,1.997,9.146,70.548,29.452,21.832,2489.202,1039.18,770.311,3528.382
ESP,2020,7.86,2.886,2.12,10.746,73.145,26.855,19.728,2718.031,997.937,733.104,3715.968
EST,2003,3.915,1.224,1.084,5.139,76.183,23.817,21.095,564.019,176.327,156.176,740.346
EST,2004,3.973,1.364,1.225,5.338,74.436,25.564,22.942,631.86,217.002,194.746,848.862
EST,2005,3.943,1.352,1.219,5.295,74.462,25.538,23.025,693.409,237.82,214.414,931.229
EST,2006,3.743,1.231,1.175,4.974,75.251,24.747,23.614,743.668,244.565,233.367,988.245
EST,2007,3.92,1.265,1.191,5.185,75.609,24.391,22.972,895.178,288.786,271.975,1183.964
EST,2008,4.549,1.408,1.274,5.957,76.367,23.633,21.393,1027.856,318.09,287.937,1345.947
EST,2009,5.271,1.573,1.453,6.845,77.012,22.988,21.229,1052.4,314.142,290.108,1366.542
EST,2010,4.975,1.619,1.504,6.594,75.444,24.556,22.814,1072.796,349.19,324.412,1421.986
EST,2011,4.604,1.471,1.369,6.078,75.741,24.207,22.527,1110.458,354.905,330.27,1466.12
EST,2012,4.611,1.482,1.374,6.095,75.646,24.321,22.541,1197.515,385.014,356.83,1583.048
EST,2013,4.685,1.591,1.483,6.281,74.592,25.336,23.605,1273.967,432.722,403.16,1707.913
EST,2014,4.76,1.6,1.496,6.362,74.814,25.147,23.522,1362.543,457.982,428.395,1821.238
EST,2015,4.961,1.68,1.575,6.641,74.692,25.303,23.719,1449.341,490.985,460.245,1940.411
EST,2016,5.003,1.699,1.591,6.702,74.646,25.353,23.738,1564.977,531.529,497.68,2096.544
EST,2017,4.854,1.743,1.637,6.597,73.573,26.427,24.807,1619.694,581.78,546.113,2201.474
EST,2018,4.93,1.761,1.64,6.691,73.675,26.325,24.513,1741.731,622.342,579.508,2364.073
EST,2019,5.075,1.742,1.631,6.817,74.445,25.555,23.925,1826.198,626.876,586.888,2453.074
EST,2020,5.844,1.735,1.624,7.579,77.103,22.897,21.428,2105.704,625.308,585.209,2731.011
FIN,2003,5.991,1.947,1.614,7.938,75.472,24.528,20.337,1718.565,558.525,463.097,2277.09
FIN,2004,6.126,1.933,1.601,8.059,76.012,23.988,19.86,1884.121,594.594,492.262,2478.714
FIN,2005,6.312,1.975,1.622,8.288,76.164,23.836,19.576,1960.091,613.409,503.791,2573.5
FIN,2006,6.402,1.882,1.559,8.284,77.281,22.719,18.817,2127.288,625.384,517.959,2752.672
FIN,2007,6.239,1.844,1.536,8.084,77.184,22.816,18.998,2319.339,685.594,570.885,3004.933
FIN,2008,6.456,1.888,1.55,8.343,77.376,22.624,18.573,2509.904,733.871,602.466,3243.775
FIN,2009,7.102,2.06,1.678,9.161,77.518,22.482,18.317,2543.719,737.734,601.076,3281.453
FIN,2010,7.047,2.095,1.719,9.142,77.084,22.916,18.804,2641.939,785.39,644.473,3427.329
FIN,2011,7.158,2.065,1.674,9.223,77.613,22.387,18.152,2792.737,805.566,653.166,3598.302
FIN,2012,7.495,2.091,1.674,9.586,78.186,21.814,17.462,2960.272,825.916,661.143,3786.188
FIN,2013,7.643,2.162,1.745,9.805,77.95,22.05,17.794,3065.951,867.285,699.899,3933.236
FIN,2014,7.631,2.15,1.725,9.781,78.016,21.984,17.637,3086.132,869.622,697.694,3955.755
FIN,2015,7.421,2.224,1.797,9.645,76.94,23.06,18.629,3071.841,920.652,743.757,3992.493
FIN,2016,7.148,2.229,1.807,9.378,76.226,23.774,19.273,3127.991,975.563,790.874,4103.554
FIN,2017,6.974,2.152,1.738,9.127,76.418,23.582,19.046,3221.252,994.057,802.847,4215.309
FIN,2018,6.959,2.084,1.661,9.043,76.956,23.044,18.369,3332.537,997.906,795.477,4330.443
FIN,2019,7.142,2.029,1.598,9.171,77.873,22.127,17.424,3413.665,969.969,763.805,4383.634
FIN,2020,7.615,2.017,1.586,9.632,79.059,20.941,16.466,3648.239,966.32,759.843,4614.556
FRA,2003,7.943,2.14,0.744,10.083,78.778,21.222,7.377,2407.666,648.6,225.449,3056.265
FRA,2004,8.008,2.156,0.737,10.164,78.786,21.214,7.246,2498.276,672.672,229.774,3170.947
FRA,2005,8.038,2.177,0.753,10.215,78.685,21.315,7.369,2568.72,695.854,240.565,3264.574
FRA,2006,8.021,2.365,0.972,10.386,77.228,22.772,9.359,2660.408,784.447,322.397,3444.855
FRA,2007,7.945,2.37,0.983,10.316,77.021,22.979,9.528,2763.696,824.531,341.901,3588.227
FRA,2008,8.032,2.469,1.053,10.501,76.491,23.509,10.03,2852.607,876.745,374.044,3729.353
FRA,2009,8.636,2.651,1.148,11.288,76.513,23.487,10.167,2969.347,911.496,394.557,3880.842
FRA,2010,8.561,2.665,1.149,11.226,76.259,23.741,10.235,3084.738,960.326,414.014,4045.065
FRA,2011,8.501,2.684,1.145,11.185,76.004,23.996,10.24,3163.075,998.623,426.155,4161.698
FRA,2012,8.596,2.701,1.143,11.297,76.088,23.912,10.12,3271.337,1028.097,435.101,4299.434
FRA,2013,8.679,2.717,1.141,11.396,76.161,23.839,10.016,3458.865,1082.657,454.867,4541.522
FRA,2014,8.813,2.726,1.15,11.539,76.373,23.627,9.963,3535.13,1093.645,461.17,4628.775
FRA,2015,8.767,2.681,1.115,11.448,76.582,23.418,9.738,3576.533,1093.641,454.792,4670.174
FRA,2016,9.518,1.952,1.104,11.471,82.981,17.019,9.624,4084.167,837.651,473.67,4921.818
FRA,2017,9.435,1.92,1.101,11.355,83.092,16.908,9.693,4158.348,846.147,485.095,5004.495
FRA,2018,9.342,1.866,1.065,11.208,83.354,16.646,9.5,4248.721,848.507,484.23,5097.228
FRA,2019,9.265,1.823,1.048,11.089,83.557,16.443,9.453,4314.384,849.037,488.096,5163.421
FRA,2020,10.287,1.844,1.072,12.131,84.799,15.201,8.838,4624.228,828.954,481.973,5453.182
GBR,2003,6.318,1.67,1.189,7.988,79.096,20.904,14.888,1931.793,510.56,363.627,2442.353
GBR,2004,6.662,1.591,1.127,8.253,80.726,19.274,13.655,2180.976,520.736,368.909,2701.712
GBR,2005,6.794,1.521,1.04,8.315,81.706,18.294,12.513,2212.228,495.323,338.787,2707.551
GBR,2006,7.016,1.459,0.971,8.475,82.784,17.216,11.457,2394.597,497.979,331.411,2892.576
GBR,2007,7.028,1.642,1.156,8.67,81.059,18.941,13.333,2457.907,574.35,404.293,3032.257
GBR,2008,7.324,1.643,1.132,8.968,81.675,18.325,12.628,2597.532,582.814,401.624,3180.346
GBR,2009,8.12,1.65,1.133,9.77,83.108,16.892,11.601,2689.269,546.621,375.4,3235.89
GBR,2010,8.006,1.698,1.188,9.705,82.5,17.5,12.244,2769.294,587.428,410.991,3356.722
GBR,2011,8,1.725,1.202,9.724,82.263,17.737,12.365,2811.171,606.116,422.543,3417.286
GBR,2012,7.996,1.818,1.289,9.814,81.479,18.521,13.133,2895.812,658.248,466.738,3554.06
GBR,2013,7.907,1.966,1.433,9.873,80.087,19.913,14.515,2928.702,728.193,530.788,3656.895
GBR,2014,7.908,1.955,1.432,9.862,80.18,19.82,14.516,3003.327,742.422,543.75,3745.749
GBR,2015,7.853,1.945,1.424,9.798,80.151,19.849,14.537,3041.408,753.169,551.632,3794.577
GBR,2016,7.839,1.89,1.408,9.729,80.577,19.423,14.47,3174.793,765.276,570.125,3940.069
GBR,2017,7.676,1.92,1.41,9.596,79.99,20.01,14.694,3230.763,808.201,593.495,4038.964
GBR,2018,7.719,2.012,1.508,9.731,79.325,20.675,15.495,3322.345,865.93,648.99,4188.275
GBR,2019,7.895,2.063,1.56,9.958,79.286,20.714,15.668,3479.872,909.165,687.656,4389.038
GBR,2020,10.1,2.059,1.549,12.159,83.069,16.931,12.742,4151.748,846.18,636.836,4997.928
GRC,2003,5.058,3.391,3.202,8.449,59.864,40.136,37.9,1226.41,822.245,776.431,2048.654
GRC,2004,4.745,3.349,3.153,8.094,58.624,41.376,38.961,1231.573,869.229,818.496,2100.803
GRC,2005,5.21,3.354,3.158,8.565,60.834,39.166,36.875,1334.458,859.136,808.893,2193.594
GRC,2006,5.088,3.171,2.977,8.259,61.609,38.391,36.045,1418.891,884.184,830.146,2303.075
GRC,2007,5.319,3.079,2.874,8.398,63.338,36.662,34.223,1536.237,889.234,830.078,2425.471
GRC,2008,5.768,3.06,2.843,8.828,65.336,34.664,32.208,1741.501,923.966,858.5,2665.467
GRC,2009,6.427,2.979,2.775,9.407,68.32,31.67,29.503,1868.949,866.367,807.077,2735.578
GRC,2010,6.613,2.982,2.712,9.597,68.906,31.075,28.259,1796.107,809.995,736.598,2606.608
GRC,2011,6.04,3.136,2.864,9.193,65.703,34.111,31.158,1504.33,780.998,713.402,2289.591
GRC,2012,5.899,3.012,2.717,8.924,66.105,33.749,30.449,1418.316,724.097,653.294,2145.538
GRC,2013,5.238,3.13,2.847,8.438,62.081,37.098,33.739,1296.158,774.546,704.432,2087.856
GRC,2014,4.542,3.246,2.936,7.891,57.558,41.137,37.2,1157.543,827.304,748.119,2011.097
GRC,2015,4.803,3.285,2.962,8.22,58.425,39.964,36.034,1240.316,848.404,764.987,2122.934
GRC,2016,5.186,3.241,2.899,8.449,61.387,38.358,34.308,1386.269,866.221,774.767,2258.26
GRC,2017,4.926,3.194,2.847,8.135,60.557,39.264,34.995,1363.041,883.779,787.688,2250.844
GRC,2018,4.808,3.301,2.93,8.12,59.216,40.651,36.08,1370.67,940.941,835.144,2314.696
GRC,2019,5.043,3.144,2.758,8.198,61.513,38.355,33.643,1445.289,901.188,790.461,2349.574
GRC,2020,5.876,3.613,3.178,9.504,61.832,38.016,33.438,1537.205,945.123,831.311,2486.091
HRV,2003,5.188,8.346,1.048,6.295,82.406,132.568,16.643,739.967,1190.392,149.443,897.949
HRV,2004,5.259,9.382,1.179,6.504,80.853,144.259,18.122,797.351,1422.64,178.709,986.167
HRV,2005,5.876,7.251,0.916,6.839,85.928,106.028,13.391,909.427,1122.162,141.721,1058.363
HRV,2006,5.928,7.408,0.92,6.912,85.774,107.187,13.315,1009.847,1261.952,156.758,1177.336
HRV,2007,6.418,7.438,0.918,7.405,86.668,100.45,12.394,1206.264,1398.082,172.506,1391.822
HRV,2008,6.493,8.725,1.111,7.651,84.865,114.031,14.514,1315.904,1768.138,225.049,1550.576
HRV,2009,6.88,9.058,1.111,8.082,85.126,112.072,13.747,1321.794,1740.202,213.452,1552.759
HRV,2010,6.826,8.759,1.115,7.988,85.446,109.655,13.957,1335.024,1713.266,218.063,1562.414
HRV,2011,5.949,11.416,0.923,7.464,79.702,152.938,12.371,1199.228,2301.174,186.137,1504.646
HRV,2012,6.083,10.636,0.881,7.495,81.165,141.915,11.751,1256.794,2197.474,181.954,1548.449
HRV,2013,5.453,7.327,0.568,6.425,84.865,114.035,8.832,1168.698,1570.405,121.631,1377.127
HRV,2014,5.481,8.505,0.745,6.61,82.923,128.664,11.276,1195.799,1855.404,162.602,1442.053
HRV,2015,5.528,8.754,0.732,6.69,82.632,130.858,10.945,1258.282,1992.637,166.672,1522.75
HRV,2016,5.55,8.857,0.738,6.725,82.521,131.697,10.974,1382.534,2206.424,183.857,1675.377
HRV,2017,5.495,8.756,0.73,6.657,82.544,131.522,10.967,1454.95,2318.242,193.301,1762.634
HRV,2018,5.535,9.153,0.769,6.75,82.003,135.6,11.387,1543.43,2552.215,214.327,1882.167
HRV,2019,5.571,9.273,0.78,6.802,81.907,136.319,11.465,1673.9,2785.895,234.3,2043.652
HRV,2020,6.507,1.222,0.808,7.729,84.193,15.807,10.449,1817.666,341.268,225.583,2158.935
HUN,2003,5.729,2.392,2.14,8.121,70.543,29.457,26.355,962.814,402.049,359.712,1364.863
HUN,2004,5.461,2.297,2.004,7.758,70.391,29.609,25.832,972.442,409.038,356.865,1381.481
HUN,2005,5.644,2.34,2.057,7.985,70.69,29.31,25.764,1034.563,428.962,377.069,1463.525
HUN,2006,5.503,2.275,1.948,7.778,70.749,29.251,25.046,1069.329,442.115,378.562,1511.444
HUN,2007,4.961,2.243,1.894,7.204,68.868,31.132,26.296,984.846,445.2,376.048,1430.045
HUN,2008,4.882,2.207,1.87,7.088,68.868,31.132,26.384,1027.925,464.668,393.805,1492.593
HUN,2009,4.933,2.289,1.897,7.222,68.301,31.699,26.269,1019.461,473.13,392.087,1492.591
HUN,2010,4.996,2.452,2.044,7.449,67.077,32.923,27.446,1117.637,548.573,457.3,1666.211
HUN,2011,4.975,2.506,2.113,7.481,66.497,33.503,28.244,1167.38,588.147,495.823,1755.527
HUN,2012,4.855,2.556,2.178,7.411,65.508,34.492,29.397,1157.226,609.309,519.307,1766.535
HUN,2013,4.82,2.415,2.053,7.234,66.624,33.376,28.385,1213.611,607.969,517.053,1821.58
HUN,2014,4.727,2.32,1.998,7.047,67.076,32.924,28.361,1250.128,613.627,528.577,1863.754
HUN,2015,4.672,2.182,1.884,6.854,68.167,31.833,27.488,1289.204,602.043,519.873,1891.248
HUN,2016,4.757,2.231,1.935,6.988,68.079,31.921,27.689,1361.358,638.325,553.701,1999.683
HUN,2017,4.647,2.097,1.838,6.744,68.902,31.098,27.249,1377.092,621.528,544.614,1998.62
HUN,2018,4.576,2.003,1.763,6.58,69.551,30.449,26.789,1465.376,641.52,564.415,2106.896
HUN,2019,4.314,1.968,1.745,6.282,68.672,31.328,27.787,1438.796,656.39,582.182,2095.186
HUN,2020,5.159,2.129,1.906,7.288,70.793,29.207,26.147,1714.458,707.349,633.239,2421.807
IDN,2003,0.813,1.398,1.028,2.235,36.392,62.54,46.017,,,,
IDN,2004,0.748,1.326,0.967,2.107,35.477,62.91,45.911,,,,
IDN,2005,0.734,1.756,1.392,2.517,29.168,69.791,55.328,,,,
IDN,2006,0.834,1.75,1.39,2.604,32.03,67.217,53.375,,,,
IDN,2007,1.028,1.755,1.391,2.807,36.631,62.525,49.546,,,,
IDN,2008,0.917,1.627,1.258,2.548,35.966,63.845,49.368,,,,
IDN,2009,0.949,1.666,1.291,2.623,36.186,63.5,49.221,,,,
IDN,2010,0.679,2.112,1.691,2.791,24.32,75.68,60.584,,,,
IDN,2011,0.717,2.272,1.681,2.989,23.999,76.001,56.223,65.505,207.449,153.464,272.954
IDN,2012,0.781,2.133,1.563,2.914,26.799,73.201,53.618,77.21,210.901,154.479,288.111
IDN,2013,0.836,2.033,1.46,2.869,29.142,70.858,50.9,84.786,206.153,148.088,290.939
IDN,2014,1.043,1.921,1.341,2.964,35.202,64.798,45.247,108.711,200.113,139.735,308.824
IDN,2015,1.159,1.765,1.249,2.924,39.631,60.369,42.716,121.727,185.425,131.203,307.152
IDN,2016,1.377,1.645,1.152,3.021,45.562,54.438,38.124,147.74,176.52,123.622,324.26
IDN,2017,1.356,1.549,1.051,2.904,46.678,53.322,36.178,149.799,171.12,116.101,320.918
IDN,2018,1.396,1.472,1.011,2.868,48.668,51.332,35.24,164.327,173.32,118.985,337.647
IDN,2019,1.425,1.48,0.995,2.905,49.041,50.959,34.237,174.715,181.546,121.975,356.262
IDN,2020,1.877,1.536,1.067,3.413,54.988,45.012,31.265,222.683,182.282,126.612,404.965
IND,2003,0.819,3.315,3.035,4.134,19.81,80.19,73.425,,,,
IND,2004,0.801,3.28,2.958,4.081,19.633,80.367,72.483,,,,
IND,2005,0.828,3.082,2.86,3.91,21.18,78.82,73.149,,,,
IND,2006,0.805,2.944,2.709,3.749,21.467,78.533,72.257,,,,
IND,2007,0.795,2.833,2.569,3.628,21.91,78.09,70.817,,,,
IND,2008,0.836,2.789,2.506,3.625,23.059,76.941,69.148,,,,
IND,2009,0.907,2.688,2.4,3.594,25.231,74.769,66.758,,,,
IND,2010,0.862,2.513,2.2,3.375,25.53,74.47,65.185,,,,
IND,2011,0.91,2.337,2.02,3.246,28.022,71.978,62.225,44.534,114.392,98.892,158.926
IND,2012,0.903,2.427,2.097,3.329,27.115,72.885,63,48.108,129.314,111.776,177.422
IND,2013,0.829,2.921,2.59,3.749,22.106,77.894,69.073,45.646,160.84,142.626,206.486
IND,2014,0.829,2.79,2.426,3.62,22.909,77.091,67.014,47.423,159.581,138.721,207.003
IND,2015,0.928,2.668,2.325,3.596,25.795,74.205,64.664,55.196,158.779,138.365,213.974
IND,2016,0.947,2.557,2.215,3.504,27.024,72.976,63.206,59.982,161.976,140.291,221.958
IND,2017,0.974,1.962,1.618,2.936,33.159,66.841,55.112,64.803,130.629,107.707,195.432
IND,2018,0.985,1.875,1.523,2.86,34.436,65.564,53.23,70.754,134.711,109.369,205.465
IND,2019,0.982,1.906,1.55,2.904,33.818,65.649,53.38,74.255,144.149,117.209,219.575
IND,2020,1.094,1.843,1.495,2.955,37.022,62.364,50.592,78.469,132.182,107.232,211.953
IRL,2003,5.519,1.488,0.921,7.008,78.763,21.237,13.148,2031.147,547.656,339.068,2578.802
IRL,2004,5.698,1.522,0.882,7.22,78.916,21.084,12.219,2213.471,591.357,342.713,2804.828
IRL,2005,6.027,1.615,1.036,7.642,78.868,21.132,13.553,2439.68,653.697,419.245,3093.376
IRL,2006,5.85,1.667,1.047,7.516,77.825,22.175,13.93,2494.15,710.655,446.415,3204.805
IRL,2007,6.186,1.621,0.903,7.808,79.233,20.767,11.571,2681.433,702.788,391.596,3384.221
IRL,2008,7.239,1.887,1.083,9.126,79.321,20.679,11.863,2889.898,753.375,432.205,3643.273
IRL,2009,8.11,2.413,1.336,10.523,77.072,22.928,12.701,2971.205,883.913,489.62,3855.118
IRL,2010,8.017,2.507,1.452,10.524,76.178,23.822,13.796,3085.951,965.036,558.859,4050.987
IRL,2011,7.643,2.963,1.451,10.606,72.066,27.934,13.681,3018.211,1169.893,572.984,4188.104
IRL,2012,7.622,2.976,1.45,10.598,71.916,28.084,13.686,3127.748,1221.437,595.247,4349.185
IRL,2013,7.276,3.001,1.442,10.277,70.799,29.201,14.032,3035.804,1252.096,601.697,4287.9
IRL,2014,6.774,2.74,1.338,9.513,71.201,28.799,14.067,2980.363,1205.507,588.839,4185.871
IRL,2015,5.267,2.069,0.988,7.336,71.793,28.207,13.467,3093.695,1215.478,580.332,4309.173
IRL,2016,5.412,2.056,0.978,7.469,72.469,27.531,13.091,3299.698,1253.568,596.084,4553.266
IRL,2017,5.201,1.924,0.897,7.125,72.997,27.003,12.584,3418.224,1264.498,589.271,4682.722
IRL,2018,5.091,1.786,0.834,6.876,74.033,25.967,12.131,3610.517,1266.392,591.619,4876.91
IRL,2019,4.981,1.728,0.814,6.709,74.249,25.751,12.133,3694.715,1281.414,603.735,4976.129
IRL,2020,5.548,1.562,0.777,7.109,78.034,21.966,10.931,4196.834,1181.35,587.871,5378.183
ISL,2003,7.908,1.822,1.692,9.729,81.276,18.724,17.388,2525.17,581.75,540.22,3106.92
ISL,2004,7.551,1.777,1.652,9.329,80.949,19.051,17.704,2640.956,621.531,577.605,3262.487
ISL,2005,7.247,1.7,1.574,8.947,81.002,18.998,17.589,2657.485,623.286,577.042,3280.772
ISL,2006,6.981,1.576,1.45,8.557,81.583,18.417,16.946,2768.944,625.088,575.164,3394.032
ISL,2007,6.851,1.502,1.376,8.354,82.018,17.982,16.47,2919.642,640.133,586.308,3559.775
ISL,2008,6.86,1.484,1.358,8.344,82.213,17.787,16.271,2969.924,642.545,587.8,3612.468
ISL,2009,7.164,1.611,1.481,8.775,81.638,18.362,16.875,2841.784,639.157,587.402,3480.941
ISL,2010,6.678,1.684,1.56,8.362,79.861,20.139,18.661,2606.877,657.407,609.154,3264.284
ISL,2011,6.563,1.64,1.518,8.203,80.006,19.994,18.503,2650.176,662.279,612.908,3312.455
ISL,2012,6.538,1.643,1.519,8.181,79.921,20.079,18.568,2716.506,682.496,631.118,3399.002
ISL,2013,6.559,1.616,1.493,8.176,80.233,19.767,18.256,2806.603,691.468,638.613,3498.071
ISL,2014,6.624,1.605,1.48,8.229,80.494,19.506,17.98,2897.478,702.138,647.221,3599.617
ISL,2015,6.521,1.549,1.424,8.07,80.81,19.19,17.641,3016.917,716.435,658.596,3733.352
ISL,2016,6.6,1.497,1.366,8.097,81.509,18.491,16.868,3205.002,727.093,663.259,3932.095
ISL,2017,6.763,1.498,1.359,8.261,81.863,18.137,16.449,3365.581,745.673,676.28,4111.255
ISL,2018,6.902,1.476,1.335,8.378,82.381,17.619,15.937,3489.393,746.268,675.04,4235.661
ISL,2019,7.104,1.476,1.334,8.58,82.797,17.203,15.545,3575.387,742.882,671.294,4318.27
ISL,2020,8.012,1.603,1.44,9.615,83.325,16.675,14.977,3859.854,772.429,693.759,4632.283
ISR,2003,4.285,2.432,1.963,6.855,62.512,35.474,28.628,1021.71,579.79,467.908,1634.415
ISR,2004,4.201,2.446,1.954,6.801,61.777,35.962,28.726,1055.224,614.281,490.666,1708.117
ISR,2005,4.137,2.625,2.088,6.903,59.931,38.026,30.243,1052.596,667.865,531.177,1756.34
ISR,2006,4.182,2.432,1.726,6.71,62.321,36.241,25.724,1087.13,632.186,448.73,1744.395
ISR,2007,4.057,2.551,1.785,6.695,60.594,38.108,26.663,1123.165,706.376,494.229,1853.597
ISR,2008,4.185,2.549,1.731,6.828,61.284,37.324,25.347,1127.05,686.401,466.144,1839.047
ISR,2009,4.234,2.592,1.758,6.916,61.216,37.48,25.419,1168.829,715.618,485.337,1909.353
ISR,2010,4.326,2.473,1.64,6.888,62.802,35.906,23.812,1237.764,707.684,469.306,1970.907
ISR,2011,4.281,2.467,1.625,6.839,62.589,36.065,23.759,1302.96,750.789,494.617,2081.778
ISR,2012,4.368,2.51,1.633,6.976,62.607,35.981,23.408,1391.97,799.99,520.449,2223.345
ISR,2013,4.413,2.449,1.576,6.958,63.419,35.194,22.654,1419.596,787.797,507.103,2238.455
ISR,2014,4.448,2.504,1.621,7.045,63.132,35.535,23.01,1412.642,795.121,514.869,2237.584
ISR,2015,4.453,2.47,1.58,7.022,63.417,35.179,22.501,1464.941,812.638,519.778,2310.019
ISR,2016,4.493,2.508,1.619,7.096,63.316,35.345,22.823,1598.151,892.143,576.061,2524.083
ISR,2017,4.584,2.493,1.61,7.176,63.883,34.741,22.431,1677.671,912.353,589.079,2626.181
ISR,2018,4.674,2.454,1.578,7.228,64.665,33.949,21.837,1777.621,933.253,600.292,2748.975
ISR,2019,4.65,2.423,1.532,7.174,64.815,33.767,21.356,1756.48,915.089,578.753,2709.984
ISR,2020,5.256,2.401,1.551,7.707,68.194,31.147,20.12,1960.761,895.56,578.518,2875.281
ITA,2003,5.901,1.932,1.858,7.833,75.334,24.666,23.719,1724.65,564.699,543.009,2289.348
ITA,2004,6.226,1.94,1.864,8.165,76.244,23.756,22.833,1868.774,582.27,559.638,2451.044
ITA,2005,6.462,1.877,1.802,8.339,77.489,22.511,21.606,1940.391,563.708,541.031,2504.099
ITA,2006,6.56,1.877,1.798,8.437,77.75,22.25,21.317,2070.106,592.394,567.577,2662.499
ITA,2007,6.305,1.832,1.751,8.136,77.488,22.512,21.516,2088.8,606.833,579.997,2695.633
ITA,2008,6.628,1.905,1.821,8.533,77.675,22.325,21.339,2277.793,654.662,625.766,2932.455
ITA,2009,7.01,1.942,1.85,8.952,78.305,21.695,20.664,2300.207,637.285,606.993,2937.493
ITA,2010,6.995,1.921,1.832,8.916,78.454,21.546,20.549,2435.565,668.901,637.934,3104.465
ITA,2011,6.757,2.017,1.933,8.774,77.012,22.988,22.027,2386.036,712.219,682.45,3098.256
ITA,2012,6.665,2.119,1.94,8.784,75.877,24.123,22.084,2330.64,740.97,678.344,3071.61
ITA,2013,6.648,2.127,1.95,8.775,75.759,24.241,22.226,2305.279,737.652,676.331,3042.931
ITA,2014,6.689,2.179,1.999,8.868,75.425,24.575,22.54,2290.549,746.31,684.507,3036.86
ITA,2015,6.593,2.264,2.078,8.857,74.435,25.565,23.467,2299.259,789.672,724.865,3088.931
ITA,2016,6.492,2.234,2.035,8.725,74.401,25.599,23.323,2435.908,838.116,763.614,3274.024
ITA,2017,6.399,2.279,2.066,8.678,73.735,26.265,23.806,2489.369,886.716,803.712,3376.084
ITA,2018,6.413,2.269,2.045,8.682,73.861,26.139,23.551,2582.087,913.781,823.31,3495.868
ITA,2019,6.384,2.273,2.031,8.656,73.745,26.255,23.461,2629.244,936.08,836.449,3565.324
ITA,2020,7.308,2.317,2.066,9.625,75.926,24.074,21.46,2849.558,903.53,805.43,3753.088
JPN,2003,5.987,1.5,1.264,7.487,79.964,20.036,16.887,1754.756,439.682,370.57,2194.437
JPN,2004,6.049,1.486,1.25,7.535,80.274,19.726,16.589,1849.261,454.419,382.156,2303.68
JPN,2005,6.216,1.442,1.2,7.658,81.168,18.832,15.673,2005.811,465.375,387.32,2471.186
JPN,2006,6.174,1.513,1.262,7.687,80.322,19.678,16.422,2057.21,504.009,420.605,2561.219
JPN,2007,6.321,1.459,1.207,7.779,81.249,18.751,15.515,2185.537,504.378,417.342,2689.916
JPN,2008,6.566,1.523,1.233,8.089,81.171,18.829,15.238,2272.127,527.072,426.549,2799.198
JPN,2009,7.283,1.676,1.358,8.959,81.294,18.706,15.159,2415.557,555.82,450.435,2971.377
JPN,2010,7.425,1.638,1.321,9.063,81.927,18.073,14.57,2596.43,572.76,461.762,3169.19
JPN,2011,8.783,1.705,1.376,10.488,83.741,16.259,13.122,3132.532,608.224,490.854,3740.756
JPN,2012,8.957,1.715,1.384,10.672,83.931,16.069,12.972,3332.691,638.075,515.101,3970.765
JPN,2013,8.994,1.68,1.356,10.674,84.261,15.739,12.701,3630.172,678.08,547.203,4308.252
JPN,2014,9.025,1.704,1.381,10.729,84.118,15.882,12.87,3640.927,687.437,557.047,4328.364
JPN,2015,9.039,1.711,1.392,10.75,84.083,15.917,12.948,3796.814,718.742,584.659,4515.556
JPN,2016,8.957,1.701,1.37,10.659,84.037,15.963,12.854,3610.119,685.739,552.207,4295.858
JPN,2017,8.974,1.682,1.349,10.656,84.215,15.785,12.655,3716.269,696.582,558.443,4412.852
JPN,2018,8.997,1.743,1.396,10.74,83.771,16.229,12.995,3815.16,739.116,591.808,4554.276
JPN,2019,9.211,1.759,1.415,10.97,83.964,16.036,12.902,3871.405,739.389,594.874,4610.794
JPN,2020,9.339,1.666,1.314,11.005,84.858,15.142,11.938,3920.04,699.478,551.494,4619.518
KOR,2003,2.503,1.78,1.662,4.283,58.432,41.568,38.81,550.576,391.671,365.683,942.247
KOR,2004,2.504,1.763,1.637,4.267,58.681,41.319,38.37,589.598,415.161,385.523,1004.759
KOR,2005,2.648,1.9,1.765,4.548,58.225,41.775,38.804,650.604,466.787,433.589,1117.391
KOR,2006,2.926,1.923,1.772,4.849,60.348,39.652,36.545,755.628,496.5,457.592,1252.127
KOR,2007,3.015,1.94,1.77,4.955,60.843,39.157,35.726,845.9,544.389,496.688,1390.289
KOR,2008,3.084,2.162,1.946,5.246,58.792,41.208,37.101,888.978,623.096,560.991,1512.074
KOR,2009,3.412,2.247,1.965,5.659,60.301,39.699,34.72,994.034,654.412,572.349,1648.446
KOR,2010,3.492,2.328,2.026,5.82,60,40,34.809,1108.3,738.874,642.98,1847.174
KOR,2011,3.494,2.421,2.066,5.915,59.075,40.925,34.932,1143.673,792.294,676.275,1935.968
KOR,2012,3.509,2.524,2.131,6.033,58.168,41.832,35.331,1185.296,852.429,719.944,2037.725
KOR,2013,3.583,2.567,2.147,6.151,58.257,41.743,34.905,1220.906,874.815,731.513,2095.721
KOR,2014,3.701,2.703,2.226,6.404,57.788,42.212,34.759,1275.688,931.854,767.321,2207.542
KOR,2015,3.813,2.776,2.271,6.589,57.871,42.129,34.467,1427.055,1038.872,849.935,2465.926
KOR,2016,3.976,2.894,2.34,6.87,57.878,42.122,34.054,1531.232,1114.404,900.956,2645.637
KOR,2017,4.119,2.928,2.357,7.047,58.447,41.553,33.44,1629.07,1158.186,932.064,2787.255
KOR,2018,4.411,3.08,2.476,7.491,58.879,41.121,33.054,1805.887,1261.228,1013.815,3067.115
KOR,2019,4.855,3.319,2.584,8.175,59.394,40.606,31.611,1954.558,1336.267,1040.27,3290.825
KOR,2020,5.124,3.226,2.42,8.35,61.365,38.635,28.987,2203.112,1387.07,1040.701,3590.183
LTU,2003,4.663,1.523,1.496,6.186,75.38,24.62,24.181,615.498,201.033,197.449,816.53
LTU,2004,3.668,1.843,1.814,5.511,66.55,33.441,32.92,525.344,263.978,259.867,789.396
LTU,2005,3.768,1.879,1.851,5.648,66.719,33.262,32.779,590.948,294.612,290.329,885.721
LTU,2006,3.951,1.893,1.862,5.844,67.606,32.383,31.854,683.508,327.403,322.046,1011.018
LTU,2007,4.098,1.665,1.637,5.764,71.1,28.89,28.407,824.086,334.849,329.255,1159.055
LTU,2008,4.484,1.81,1.773,6.294,71.237,28.758,28.173,959.712,387.432,379.551,1347.21
LTU,2009,5.337,2.028,1.975,7.366,72.46,27.532,26.816,958.778,364.293,354.818,1323.174
LTU,2010,4.887,1.923,1.88,6.815,71.712,28.215,27.589,983.683,387.033,378.439,1371.705
LTU,2011,4.606,1.876,1.831,6.488,70.994,28.917,28.222,1054.085,429.35,419.024,1484.747
LTU,2012,4.225,2.047,1.996,6.276,67.323,32.621,31.801,1055.626,511.492,498.638,1568.003
LTU,2013,4.058,2.065,2.011,6.126,66.249,33.708,32.82,1101.451,560.429,545.662,1662.584
LTU,2014,4.184,2.006,1.95,6.193,67.561,32.387,31.492,1203.717,577.037,561.095,1781.682
LTU,2015,4.358,2.129,2.066,6.49,67.14,32.798,31.839,1287.129,628.758,610.378,1917.088
LTU,2016,4.42,2.216,2.145,6.638,66.596,33.388,32.317,1397.046,700.404,677.951,2097.796
LTU,2017,4.275,2.188,2.11,6.464,66.137,33.84,32.645,1475.488,754.97,728.293,2230.97
LTU,2018,4.387,2.142,2.058,6.53,67.175,32.802,31.516,1610.05,786.2,755.371,2396.809
LTU,2019,4.641,2.348,2.256,6.991,66.382,33.595,32.27,1780.423,901.028,865.512,2682.067
LTU,2020,5.249,2.23,2.144,7.481,70.165,29.807,28.661,2019.701,858.002,824.999,2878.482
LUX,2003,5.77,1.191,0.923,6.961,82.89,17.11,13.258,3656.736,754.823,584.885,4411.556
LUX,2004,6.067,1.213,0.93,7.28,83.334,16.666,12.774,3980.071,795.959,610.09,4776.03
LUX,2005,5.927,1.198,0.921,7.125,83.192,16.808,12.925,4060.933,820.466,630.942,4881.401
LUX,2006,5.495,1.143,0.888,6.638,82.786,17.214,13.374,4266.858,887.2,689.299,5154.058
LUX,2007,5.184,0.973,0.635,6.158,84.192,15.808,10.308,4282.489,804.058,524.333,5086.545
LUX,2008,5.441,0.789,0.627,6.231,87.329,12.671,10.062,4742.93,688.185,546.496,5431.112
LUX,2009,5.959,0.99,0.688,6.95,85.748,14.252,9.896,4896.347,813.801,565.051,5710.148
LUX,2010,5.657,1.005,0.682,6.662,84.914,15.086,10.233,4776.51,848.587,575.629,5625.097
LUX,2011,4.95,1.003,0.648,5.952,83.157,16.843,10.881,4016.905,813.612,525.591,4830.517
LUX,2012,4.386,0.827,0.607,5.294,82.849,15.624,11.47,3665.667,691.298,507.473,4424.503
LUX,2013,4.35,0.809,0.586,5.236,83.091,15.446,11.199,3852.67,716.171,519.275,4636.665
LUX,2014,4.366,0.791,0.579,5.23,83.476,15.126,11.073,3929.263,711.995,521.187,4707.036
LUX,2015,4.251,0.76,0.544,5.081,83.659,14.957,10.715,3925.537,701.812,502.786,4692.311
LUX,2016,4.24,0.764,0.545,5.071,83.608,15.072,10.744,4076.997,734.974,523.935,4876.34
LUX,2017,4.311,0.753,0.547,5.135,83.952,14.667,10.661,4188.41,731.762,531.893,4989.031
LUX,2018,4.439,0.766,0.551,5.28,84.076,14.511,10.436,4449.363,767.952,552.262,5292.055
LUX,2019,4.647,0.75,0.524,5.47,84.96,13.708,9.588,4570.573,737.466,515.787,5379.663
LUX,2020,4.966,0.704,0.482,5.742,86.493,12.269,8.387,4889.043,693.499,474.095,5652.538
LVA,2003,2.73,2.749,2.661,5.479,49.83,50.17,48.562,317.72,319.889,309.638,637.609
LVA,2004,3.484,2.69,2.52,6.202,56.175,43.375,40.631,447.378,345.436,323.588,796.402
LVA,2005,3.249,2.566,2.432,5.832,55.698,43.987,41.691,467.713,369.372,350.091,839.728
LVA,2006,3.51,2.194,2.031,5.704,61.536,38.464,35.598,577.687,361.096,334.19,938.784
LVA,2007,3.355,2.154,2.029,5.512,60.874,39.074,36.812,660.368,423.877,399.348,1084.816
LVA,2008,3.369,2.21,2.083,5.585,60.327,39.574,37.306,674.664,442.579,417.213,1118.347
LVA,2009,3.637,2.431,2.365,6.098,59.649,39.872,38.783,600.562,401.446,390.475,1006.829
LVA,2010,3.67,2.427,2.267,6.097,60.185,39.809,37.186,647.688,428.407,400.179,1076.166
LVA,2011,3.635,2.089,1.963,5.724,63.497,36.503,34.297,684.217,393.335,369.565,1077.551
LVA,2012,3.265,2.145,2.046,5.41,60.348,39.652,37.823,697.735,458.454,437.31,1156.188
LVA,2013,3.246,2.163,2.081,5.409,60.014,39.986,38.471,737.991,491.705,473.082,1229.696
LVA,2014,3.26,2.203,2.137,5.463,59.672,40.328,39.106,767.674,518.808,503.091,1286.482
LVA,2015,3.315,2.337,2.287,5.652,58.653,41.347,40.454,823.87,580.785,568.241,1404.655
LVA,2016,3.426,2.707,2.657,6.133,55.867,44.133,43.323,901.58,712.226,699.148,1613.805
LVA,2017,3.42,2.545,2.493,5.965,57.329,42.671,41.788,961.081,715.339,700.547,1676.419
LVA,2018,3.706,2.483,2.425,6.189,59.881,40.119,39.18,1114.359,746.609,729.121,1860.969
LVA,2019,3.977,2.638,2.322,6.614,60.123,39.877,35.105,1217.83,807.741,711.077,2025.57
LVA,2020,4.606,2.635,2.308,7.241,63.608,36.392,31.874,1417.13,810.766,710.118,2227.896
MEX,2003,2.414,3.401,3.237,5.815,41.509,58.491,55.664,285.97,402.962,383.484,688.931
MEX,2004,2.587,3.366,3.197,5.954,43.458,56.542,53.693,333.735,434.214,412.333,767.95
MEX,2005,2.465,3.371,3.186,5.836,42.237,57.763,54.59,325.896,445.701,421.211,771.596
MEX,2006,2.422,3.233,3.04,5.655,42.827,57.173,53.764,352.097,470.039,442.013,822.136
MEX,2007,2.527,3.24,3.027,5.766,43.818,56.182,52.497,381.482,489.117,457.04,870.599
MEX,2008,2.617,3.082,2.769,5.699,45.914,54.086,48.596,413.166,486.711,437.303,899.877
MEX,2009,2.861,3.269,2.903,6.13,46.668,53.332,47.354,425.637,486.407,431.888,912.044
MEX,2010,2.881,2.856,2.496,5.737,50.219,49.781,43.509,448.85,444.94,388.877,893.79
MEX,2011,2.914,2.605,2.248,5.519,52.804,47.196,40.734,481.586,430.442,371.507,912.027
MEX,2012,3.007,2.658,2.302,5.665,53.082,46.918,40.641,516.728,456.723,395.624,973.451
MEX,2013,3.123,2.687,2.317,5.809,53.751,46.249,39.879,538.893,463.677,399.816,1002.571
MEX,2014,2.892,2.661,2.27,5.553,52.082,47.918,40.872,515.378,474.179,404.452,989.558
MEX,2015,2.987,2.735,2.349,5.723,52.201,47.799,41.044,554.683,507.908,436.127,1062.591
MEX,2016,2.848,2.706,2.298,5.553,51.28,48.72,41.372,565.518,537.292,456.257,1102.809
MEX,2017,2.758,2.7,2.281,5.458,50.535,49.465,41.788,555.711,543.937,459.525,1099.647
MEX,2018,2.672,2.712,2.278,5.383,49.628,50.372,42.309,556.918,565.26,474.787,1122.178
MEX,2019,2.679,2.769,2.304,5.448,49.167,50.833,42.282,549.314,567.921,472.391,1117.235
MEX,2020,3.292,2.93,2.412,6.222,52.903,47.097,38.761,648.91,577.696,475.449,1226.606
MLT,2003,5.509,2.395,2.277,7.904,69.699,30.301,28.806,1174.6,510.65,485.447,1685.25
MLT,2004,5.604,2.442,2.267,8.046,69.646,30.354,28.179,1226.099,534.379,496.091,1760.478
MLT,2005,5.986,2.688,2.5,8.674,69.009,30.991,28.826,1337.534,600.677,558.701,1938.21
MLT,2006,6.027,2.79,2.61,8.817,68.36,31.64,29.598,1363.533,631.108,590.365,1994.641
MLT,2007,5.451,2.716,2.539,8.168,66.743,33.257,31.083,1342.418,668.921,625.191,2011.339
MLT,2008,5.092,2.775,2.594,7.867,64.728,35.272,32.978,1306.391,711.878,665.577,2018.268
MLT,2009,5.144,2.78,2.572,7.924,64.917,35.083,32.458,1312.1,709.104,656.05,2021.204
MLT,2010,5.129,2.82,2.626,7.949,64.52,35.48,33.037,1415.999,778.66,725.054,2194.658
MLT,2011,5.447,3.003,2.802,8.45,64.459,35.541,33.156,1500.28,827.199,771.704,2327.479
MLT,2012,5.496,3.262,3.068,8.758,62.755,37.245,35.038,1601.263,950.348,894.038,2551.611
MLT,2013,5.739,3.433,3.247,9.172,62.571,37.429,35.402,1753.983,1049.221,992.398,2803.204
MLT,2014,5.571,3.514,3.34,9.085,61.321,38.679,36.761,1827.634,1152.789,1095.643,2980.423
MLT,2015,5.389,3.508,3.334,8.898,60.569,39.431,37.473,1947.602,1267.888,1204.938,3215.49
MLT,2016,5.651,3.315,3.15,8.966,63.028,36.972,35.137,2175.425,1276.083,1212.77,3451.508
MLT,2017,5.491,3.239,3.075,8.731,62.897,37.103,35.225,2298.358,1355.802,1287.167,3654.164
MLT,2018,5.438,3.127,2.938,8.567,63.478,36.506,34.296,2394.376,1376.999,1293.629,3771.99
MLT,2019,5.719,3.429,3.122,9.148,62.51,37.481,34.131,2596.762,1557.016,1417.851,4154.13
MLT,2020,7.168,3.58,3.257,10.747,66.692,33.308,30.304,2878.32,1437.494,1307.847,4315.813
NLD,2003,6.354,2.702,0.87,9.057,70.163,29.837,9.605,2321.614,987.252,317.827,3308.866
NLD,2004,6.25,2.861,0.907,9.111,68.597,31.401,9.96,2397.315,1097.377,348.085,3494.765
NLD,2005,6.224,2.873,0.899,9.097,68.423,31.579,9.886,2451.884,1131.622,354.253,3583.435
NLD,2006,7.605,1.476,0.756,9.081,83.749,16.251,8.327,3207.399,622.374,318.907,3829.774
NLD,2007,7.611,1.442,0.714,9.053,84.074,15.926,7.889,3427.592,649.283,321.623,4076.875
NLD,2008,7.67,1.607,0.921,9.277,82.676,17.326,9.924,3619.853,758.582,434.496,4378.362
NLD,2009,8.312,1.681,0.906,9.993,83.179,16.821,9.07,3687.827,745.774,402.106,4433.601
NLD,2010,8.467,1.688,0.924,10.155,83.377,16.625,9.096,3730.728,743.871,406.989,4474.53
NLD,2011,8.459,1.774,0.97,10.234,82.662,17.338,9.482,3775.507,791.871,433.096,4567.378
NLD,2012,8.654,1.885,1.063,10.539,82.112,17.888,10.091,3926.856,855.477,482.57,4782.333
NLD,2013,8.588,1.995,1.221,10.584,81.146,18.854,11.535,3995.567,928.345,567.968,4923.912
NLD,2014,8.568,1.999,1.224,10.567,81.081,18.921,11.588,4000.975,933.663,571.796,4934.568
NLD,2015,8.402,1.922,1.165,10.324,81.38,18.618,11.286,4009.687,917.348,556.094,4927.104
NLD,2016,8.358,1.937,1.161,10.294,81.188,18.812,11.276,4137.231,958.605,574.59,5095.836
NLD,2017,8.257,1.851,1.117,10.108,81.688,18.312,11.049,4291.725,962.049,580.482,5253.774
NLD,2018,8.227,1.793,1.081,10.02,82.105,17.895,10.791,4501.226,981.045,591.61,5482.27
NLD,2019,8.396,1.744,1.057,10.14,82.801,17.199,10.424,4672.953,970.637,588.269,5643.59
NLD,2020,9.522,1.687,1.042,11.209,84.947,15.053,9.292,5260.757,932.225,575.427,6192.982
NOR,2003,7.646,1.548,1.526,9.194,83.167,16.833,16.599,2867.542,580.399,572.317,3447.941
NOR,2004,7.302,1.494,1.474,8.796,83.017,16.983,16.762,3034.8,620.826,612.761,3655.626
NOR,2005,6.892,1.407,1.387,8.299,83.051,16.949,16.714,3106.838,634.035,625.254,3740.873
NOR,2006,6.569,1.313,1.297,7.882,83.342,16.658,16.453,3305.641,660.735,652.57,3966.376
NOR,2007,6.71,1.307,1.288,8.017,83.701,16.299,16.072,3608.997,702.771,692.995,4311.768
NOR,2008,6.659,1.251,1.239,7.915,84.135,15.811,15.657,3873.996,728.023,720.923,4604.504
NOR,2009,7.627,1.401,1.378,9.033,84.436,15.512,15.254,3947.967,725.304,713.252,4675.689
NOR,2010,7.501,1.352,1.333,8.858,84.681,15.268,15.046,4045.308,729.389,718.791,4777.14
NOR,2011,7.374,1.361,1.329,8.735,84.423,15.577,15.21,4191.761,773.423,755.196,4965.184
NOR,2012,7.392,1.33,1.291,8.722,84.755,15.245,14.8,4415.388,794.188,771.022,5209.577
NOR,2013,7.545,1.329,1.295,8.874,85.023,14.977,14.594,4664.251,821.623,800.619,5485.874
NOR,2014,7.917,1.366,1.335,9.283,85.289,14.711,14.379,4867.762,839.616,820.637,5707.377
NOR,2015,8.611,1.459,1.424,10.07,85.515,14.485,14.143,4897.316,829.561,809.939,5726.877
NOR,2016,8.991,1.54,1.503,10.53,85.379,14.621,14.271,5040.992,863.23,842.591,5904.222
NOR,2017,8.708,1.522,1.485,10.23,85.121,14.879,14.512,5306.745,927.634,904.728,6234.379
NOR,2018,8.536,1.424,1.391,9.96,85.703,14.297,13.969,5566.509,928.569,907.274,6495.078
NOR,2019,8.947,1.491,1.453,10.438,85.717,14.283,13.919,5551.351,925.027,901.429,6476.378
NOR,2020,9.642,1.607,1.563,11.249,85.717,14.283,13.898,5641.604,940.025,914.739,6581.629
NZL,2003,6.049,1.673,,7.722,78.338,21.662,,1501.803,415.268,,1917.07
NZL,2004,6.292,1.609,1.115,7.901,79.632,20.368,14.107,1654.637,423.206,293.115,2077.843
NZL,2005,6.592,1.681,1.164,8.273,79.678,20.322,14.07,1748.481,445.958,308.761,2194.439
NZL,2006,6.917,1.722,1.195,8.638,80.069,19.931,13.838,1952.993,486.141,337.538,2439.135
NZL,2007,6.863,1.466,0.954,8.329,82.395,17.605,11.454,2093.329,447.282,290.994,2540.611
NZL,2008,7.377,1.747,1.208,9.124,80.857,19.143,13.235,2288.054,541.71,374.522,2829.765
NZL,2009,7.799,1.822,1.189,9.621,81.064,18.936,12.356,2389.413,558.152,364.21,2947.565
NZL,2010,7.787,1.806,1.147,9.593,81.172,18.828,11.958,2469.825,572.871,363.849,3042.696
NZL,2011,7.7,1.82,1.152,9.52,80.879,19.121,12.099,2533.393,598.915,378.971,3132.309
NZL,2012,7.769,1.882,1.184,9.652,80.498,19.502,12.265,2608.175,631.858,397.398,3240.034
NZL,2013,7.493,1.867,1.158,9.36,80.052,19.948,12.371,2712.358,675.89,419.166,3388.248
NZL,2014,7.48,1.921,1.208,9.402,79.564,20.436,12.85,2777.442,713.392,448.587,3490.835
NZL,2015,7.333,1.951,1.241,9.283,78.989,21.011,13.365,2765.196,735.523,467.859,3500.719
NZL,2016,7.271,1.973,1.255,9.244,78.654,21.346,13.576,2935.828,796.76,506.721,3732.589
NZL,2017,7.049,1.921,1.218,8.97,78.587,21.413,13.577,3019.577,822.748,521.675,3842.325
NZL,2018,7.16,1.878,1.167,9.038,79.224,20.776,12.912,3100.079,812.999,505.245,3913.078
NZL,2019,7.222,1.847,,9.069,79.634,20.366,,3384.117,865.477,,4249.593
NZL,2020,7.76,1.928,,9.689,80.098,19.902,,3579.892,889.49,,4469.383
PER,2003,2.404,2.183,1.72,4.587,52.401,47.599,37.489,,,,
PER,2004,2.354,2.075,1.625,4.43,53.15,46.85,36.693,,,,
PER,2005,2.62,2.046,1.587,4.666,56.15,43.85,34.021,,,,
PER,2006,2.228,2.181,1.778,4.41,50.532,49.468,40.33,,,,
PER,2007,2.155,2.272,1.883,4.426,48.677,51.323,42.542,,,,
PER,2008,2.18,2.353,1.965,4.533,48.097,51.903,43.35,,,,
PER,2009,2.551,2.415,2,4.965,51.369,48.631,40.276,,,,
PER,2010,2.459,2.256,1.863,4.715,52.148,47.852,39.514,,,,
PER,2011,2.321,2.214,1.829,4.535,51.175,48.825,40.335,254.349,242.674,200.472,497.022
PER,2012,2.493,2.242,1.84,4.735,52.656,47.344,38.865,287.028,258.071,211.854,545.099
PER,2013,2.661,2.088,1.666,4.749,56.027,43.973,35.089,319.303,250.602,199.975,569.905
PER,2014,2.959,2.006,1.567,4.964,59.595,40.405,31.561,358.379,242.974,189.795,601.353
PER,2015,3.022,1.939,1.485,4.961,60.907,39.093,29.932,368.25,236.356,180.969,604.605
PER,2016,3.059,1.9,1.455,4.96,61.682,38.318,29.334,384.078,238.601,182.657,622.679
PER,2017,3.035,1.846,1.398,4.881,62.186,37.814,28.641,387.681,235.744,178.553,623.425
PER,2018,3.174,1.986,1.517,5.16,61.51,38.49,29.409,422.164,264.167,201.843,686.332
PER,2019,3.258,1.921,1.457,5.179,62.907,37.093,28.132,441.831,260.525,197.589,702.355
PER,2020,4.327,1.959,1.431,6.286,68.833,31.167,22.763,522.771,236.704,172.882,759.475
POL,2003,4.117,1.835,1.642,5.954,69.156,30.827,27.581,540.506,240.934,215.567,781.579
POL,2004,3.975,1.893,1.728,5.868,67.739,32.257,29.444,567.328,270.158,246.597,837.525
POL,2005,3.988,1.819,1.611,5.807,68.675,31.32,27.746,573.162,261.4,231.567,834.605
POL,2006,4.018,1.785,1.573,5.803,69.24,30.76,27.106,625.515,277.891,244.874,903.406
POL,2007,4.116,1.758,1.544,5.873,70.075,29.925,26.291,736.436,314.492,276.295,1050.928
POL,2008,4.569,1.806,1.558,6.376,71.667,28.333,24.43,876.306,346.442,298.719,1222.748
POL,2009,4.72,1.867,1.605,6.588,71.652,28.348,24.36,940.393,372.051,319.707,1312.444
POL,2010,4.636,1.832,1.534,6.468,71.68,28.32,23.714,1020.294,403.116,337.55,1423.409
POL,2011,4.456,1.831,1.506,6.287,70.873,29.127,23.955,1060.691,435.924,358.511,1496.615
POL,2012,4.388,1.877,1.52,6.265,70.041,29.959,24.264,1105.666,472.933,383.032,1578.599
POL,2013,4.579,1.901,1.532,6.48,70.658,29.342,23.645,1180.534,490.249,395.064,1670.783
POL,2014,4.465,1.854,1.461,6.319,70.659,29.341,23.126,1192.057,494.999,390.141,1687.056
POL,2015,4.467,1.938,1.475,6.404,69.744,30.256,23.037,1268.563,550.32,419.023,1818.883
POL,2016,4.555,2.016,1.499,6.571,69.321,30.679,22.819,1358.063,601.031,447.039,1959.094
POL,2017,4.562,2.022,1.497,6.583,69.288,30.712,22.736,1429.225,633.51,468.992,2062.735
POL,2018,4.513,1.8,1.289,6.313,71.494,28.506,20.42,1506.142,600.519,430.187,2106.662
POL,2019,4.637,1.823,1.298,6.46,71.777,28.223,20.091,1602.31,630.037,448.496,2232.347
POL,2020,4.695,1.802,1.269,6.497,72.266,27.734,19.535,1652.078,634.031,446.591,2286.109
PRT,2003,6.446,2.678,2.162,9.124,70.648,29.352,23.691,1357.83,564.14,455.327,1921.97
PRT,2004,6.73,2.802,2.241,9.533,70.606,29.394,23.505,1472.358,612.965,490.156,2085.322
PRT,2005,6.848,2.805,2.286,9.653,70.943,29.057,23.68,1549.19,634.522,517.112,2183.712
PRT,2006,5.938,3.416,2.388,9.354,63.483,36.517,25.524,1422.545,818.274,571.958,2240.819
PRT,2007,5.806,3.446,2.397,9.252,62.755,37.245,25.906,1443.644,856.811,595.967,2300.455
PRT,2008,5.994,3.589,2.529,9.583,62.548,37.452,26.394,1531.195,916.839,646.128,2448.035
PRT,2009,6.469,3.662,2.543,10.131,63.855,36.145,25.103,1604.908,908.45,630.936,2513.358
PRT,2010,6.678,3.355,2.479,10.033,66.564,33.436,24.708,1717.447,862.711,637.509,2580.158
PRT,2011,6.282,3.449,2.594,9.731,64.558,35.442,26.654,1586.497,870.994,655.027,2457.491
PRT,2012,5.921,3.733,2.856,9.654,61.335,38.665,29.583,1484.834,936.022,716.17,2420.856
PRT,2013,5.863,3.541,2.708,9.405,62.345,37.655,28.794,1561.229,942.933,721.043,2504.162
PRT,2014,5.774,3.569,2.741,9.343,61.8,38.2,29.335,1568.238,969.354,744.396,2537.592
PRT,2015,5.751,3.565,2.752,9.316,61.73,38.27,29.535,1626.926,1008.635,778.412,2635.561
PRT,2016,5.793,3.601,2.765,9.394,61.664,38.336,29.432,1735.938,1079.239,828.556,2815.177
PRT,2017,5.698,3.608,2.763,9.306,61.232,38.768,29.688,1779.633,1126.762,862.861,2906.395
PRT,2018,5.763,3.649,2.816,9.413,61.228,38.772,29.917,1918.957,1215.172,937.648,3134.128
PRT,2019,5.789,3.725,2.912,9.514,60.849,39.151,30.607,1961.577,1262.099,986.679,3223.676
PRT,2020,6.782,3.766,2.955,10.548,64.297,35.703,28.019,2157.113,1197.797,939.998,3354.909
ROU,2003,4.537,0.834,0.813,5.371,84.47,15.526,15.127,369.628,67.939,66.194,437.584
ROU,2004,4.075,1.376,1.332,5.477,74.391,25.13,24.327,392.641,132.637,128.399,527.806
ROU,2005,4.444,1.061,1.023,5.528,80.394,19.188,18.499,436.056,104.073,100.338,542.397
ROU,2006,4.029,1.033,1.014,5.071,79.457,20.364,19.99,459.206,117.69,115.529,577.934
ROU,2007,4.107,0.907,0.884,5.023,81.768,18.064,17.594,559.722,123.655,120.437,684.526
ROU,2008,4.09,0.931,0.913,5.023,81.42,18.536,18.182,679.495,154.691,151.74,834.553
ROU,2009,4.156,1.121,1.097,5.278,78.727,21.241,20.785,662.623,178.78,174.938,841.676
ROU,2010,4.507,1.128,1.107,5.64,79.92,20,19.631,782.503,195.823,192.212,979.114
ROU,2011,3.368,1.107,1.086,4.475,75.254,24.746,24.276,627.052,206.194,202.28,833.247
ROU,2012,3.468,1.041,1.011,4.509,76.922,23.078,22.428,684.232,205.278,199.501,889.511
ROU,2013,4.145,1.079,1.054,5.224,79.339,20.661,20.176,821.194,213.854,208.834,1035.048
ROU,2014,3.972,1.056,1.021,5.028,78.996,21.004,20.314,827.72,220.076,212.846,1047.796
ROU,2015,3.857,1.086,1.052,4.943,78.022,21.978,21.282,848.356,238.972,231.404,1087.328
ROU,2016,3.979,1.101,1.054,5.08,78.328,21.672,20.755,979.853,271.108,259.637,1250.961
ROU,2017,4.081,1.108,1.063,5.189,78.652,21.348,20.488,1112.028,301.83,289.673,1413.858
ROU,2018,4.4,1.118,1.074,5.518,79.731,20.269,19.458,1322.993,336.323,322.863,1659.316
ROU,2019,4.597,1.117,1.079,5.714,80.446,19.554,18.877,1483.632,360.637,348.146,1844.269
ROU,2020,4.998,1.228,1.185,6.226,80.271,19.729,19.026,1646.824,404.764,390.339,2051.588
SVK,2003,4.783,0.665,0.665,5.448,87.787,12.213,12.213,769.523,107.054,107.054,876.578
SVK,2004,5.019,1.45,1.353,6.469,77.579,22.421,20.913,853.877,246.771,230.184,1100.648
SVK,2005,4.96,1.628,1.556,6.589,75.286,24.714,23.61,896.993,294.454,281.295,1191.447
SVK,2006,4.794,2.056,1.821,6.851,69.983,30.017,26.588,939.631,403.034,356.991,1342.665
SVK,2007,4.974,2.203,1.964,7.177,69.3,30.7,27.37,1097.994,486.423,433.66,1584.418
SVK,2008,5.243,1.714,1.462,6.956,75.363,24.637,21.02,1271.419,415.639,354.622,1687.058
SVK,2009,5.841,2.107,1.782,7.948,73.487,26.513,22.418,1329.475,479.657,405.567,1809.132
SVK,2010,5.513,2.154,1.748,7.666,71.908,28.092,22.801,1446.248,565.01,458.579,2011.258
SVK,2011,5.385,1.914,1.72,7.299,73.78,26.22,23.572,1456.986,517.776,465.483,1974.761
SVK,2012,5.439,2.097,1.751,7.536,72.169,27.831,23.233,1513.68,583.721,487.291,2097.401
SVK,2013,5.562,1.933,1.748,7.495,74.205,25.795,23.322,1598.158,555.54,502.278,2153.698
SVK,2014,5.523,1.361,1.24,6.884,80.227,19.773,18.008,1612.656,397.454,361.979,2010.11
SVK,2015,5.391,1.372,1.247,6.762,79.716,20.284,18.444,1641.46,417.672,379.778,2059.132
SVK,2016,5.603,1.369,1.269,6.973,80.36,19.64,18.194,1639.039,400.572,371.083,2039.611
SVK,2017,5.401,1.356,1.264,6.757,79.939,20.061,18.712,1578.365,396.101,369.47,1974.466
SVK,2018,5.342,1.324,1.26,6.666,80.134,19.866,18.908,1609.868,399.106,379.853,2008.975
SVK,2019,5.522,1.398,1.326,6.92,79.793,20.207,19.159,1687.991,427.461,405.307,2115.452
SVK,2020,5.721,1.406,1.336,7.127,80.271,19.729,18.752,1706.301,419.365,398.598,2125.666
SVN,2003,5.898,2.201,1.01,8.099,72.828,27.172,12.471,1301.007,485.398,222.78,1786.405
SVN,2004,5.83,2.11,0.965,7.94,73.427,26.573,12.156,1364.129,493.675,225.84,1857.808
SVN,2005,5.876,2.12,1.041,7.996,73.487,26.513,13.019,1396.267,503.745,247.369,1900.012
SVN,2006,5.721,2.103,0.96,7.823,73.122,26.877,12.274,1452.639,533.944,243.824,1986.585
SVN,2007,5.372,2.139,1.024,7.511,71.521,28.479,13.631,1477.649,588.378,281.624,2066.021
SVN,2008,5.777,2.077,0.993,7.855,73.555,26.445,12.64,1689.942,607.593,290.407,2297.536
SVN,2009,6.241,2.3,1.092,8.541,73.071,26.929,12.78,1655.598,610.135,289.558,2265.733
SVN,2010,6.288,2.277,1.083,8.565,73.418,26.582,12.64,1702.885,616.565,293.182,2319.451
SVN,2011,6.268,2.269,1.041,8.536,73.422,26.578,12.197,1744.966,631.671,289.87,2376.637
SVN,2012,6.271,2.444,1.086,8.715,71.956,28.044,12.46,1749.263,681.739,302.902,2431.003
SVN,2013,6.238,2.502,1.089,8.74,71.375,28.625,12.455,1781.01,714.269,310.784,2495.279
SVN,2014,6.046,2.456,1.104,8.502,71.114,28.886,12.983,1777.21,721.897,324.47,2499.108
SVN,2015,6.116,2.401,1.062,8.517,71.806,28.194,12.471,1852.091,727.191,321.656,2579.281
SVN,2016,6.166,2.312,1.016,8.478,72.728,27.272,11.981,1991.461,746.76,328.067,2738.221
SVN,2017,5.909,2.276,1.009,8.185,72.197,27.803,12.322,2045.08,787.568,349.051,2832.649
SVN,2018,6.027,2.249,0.992,8.277,72.822,27.178,11.982,2217.519,827.587,364.851,3045.106
SVN,2019,6.186,2.313,0.991,8.499,72.785,27.215,11.661,2345.05,876.845,375.713,3221.895
SVN,2020,6.902,2.531,1.177,9.433,73.166,26.834,12.474,2541.899,932.248,433.37,3474.147
SWE,2003,6.914,1.403,1.321,8.317,83.13,16.87,15.882,2224.486,451.426,424.983,2675.912
SWE,2004,6.722,1.407,1.324,8.13,82.691,17.309,16.282,2293.027,479.976,451.497,2773.003
SWE,2005,6.708,1.443,1.356,8.151,82.293,17.707,16.636,2313.007,497.698,467.58,2810.705
SWE,2006,6.632,1.421,1.332,8.052,82.357,17.643,16.542,2479.039,531.084,497.925,3010.123
SWE,2007,6.598,1.398,1.306,7.996,82.516,17.484,16.337,2661.823,564.009,526.999,3225.832
SWE,2008,6.772,1.436,1.34,8.208,82.501,17.499,16.326,2817.454,597.582,557.528,3415.036
SWE,2009,7.237,1.534,1.439,8.77,82.514,17.486,16.403,2847.62,603.458,566.09,3451.078
SWE,2010,6.863,1.457,1.363,8.32,82.488,17.512,16.379,2830.302,600.856,561.975,3431.157
SWE,2011,8.8,1.616,1.516,10.416,84.482,15.518,14.555,3767.476,692.041,649.067,4459.517
SWE,2012,9.041,1.694,1.59,10.735,84.217,15.783,14.81,3941.04,738.61,693.051,4679.65
SWE,2013,9.162,1.743,1.628,10.905,84.02,15.98,14.931,3975.813,756.17,706.541,4731.983
SWE,2014,9.199,1.749,1.633,10.948,84.028,15.972,14.919,4088.408,777.108,725.884,4865.516
SWE,2015,9.071,1.733,1.61,10.804,83.961,16.039,14.903,4201.518,802.613,745.756,5004.13
SWE,2016,9.144,1.708,1.573,10.852,84.262,15.738,14.492,4320.616,806.961,743.083,5127.577
SWE,2017,9.136,1.649,1.519,10.785,84.707,15.293,14.087,4421.193,798.218,735.238,5219.411
SWE,2018,9.276,1.665,1.527,10.941,84.785,15.215,13.959,4594.71,824.563,756.467,5419.273
SWE,2019,9.221,1.611,1.485,10.832,85.124,14.876,13.713,4586.261,801.471,738.836,5387.733
SWE,2020,9.767,1.566,1.454,11.333,86.18,13.82,12.832,4941.134,792.4,735.699,5733.534
TUR,2003,3.57,1.444,0.949,5.014,71.207,28.793,18.931,362.96,146.766,96.495,509.726
TUR,2004,3.52,1.389,0.991,4.91,71.703,28.297,20.182,400.523,158.063,112.737,558.587
TUR,2005,3.315,1.578,1.183,4.894,67.746,32.254,24.178,398.434,189.694,142.198,588.128
TUR,2006,3.543,1.603,1.217,5.146,68.852,31.148,23.648,466.928,211.233,160.371,678.161
TUR,2007,3.603,1.635,1.251,5.238,68.783,31.216,23.885,504.43,228.926,175.162,733.361
TUR,2008,3.793,1.425,1.001,5.218,72.694,27.306,19.182,586.677,220.375,154.807,807.052
TUR,2009,4.423,1.072,0.797,5.494,80.498,19.502,14.508,656.116,158.955,118.251,815.071
TUR,2010,3.916,1.105,0.847,5.021,78,22,16.872,658.03,185.604,142.336,843.633
TUR,2011,3.682,0.971,0.74,4.653,79.129,20.871,15.895,702.909,185.4,141.198,888.309
TUR,2012,3.519,0.926,0.708,4.444,79.172,20.828,15.932,708.381,186.36,142.55,894.741
TUR,2013,3.425,0.946,0.74,4.371,78.35,21.65,16.927,742.558,205.182,160.421,947.74
TUR,2014,3.357,0.969,0.767,4.325,77.605,22.395,17.725,781.307,225.465,178.451,1006.772
TUR,2015,3.217,0.9,0.698,4.117,78.134,21.866,16.948,812.677,227.432,176.281,1040.108
TUR,2016,3.361,0.924,0.706,4.285,78.442,21.558,16.466,885.419,243.335,185.862,1128.754
TUR,2017,3.248,0.932,0.727,4.18,77.711,22.289,17.384,913.609,262.046,204.377,1175.655
TUR,2018,3.191,0.933,0.721,4.124,77.382,22.618,17.491,932.692,272.613,210.825,1205.305
TUR,2019,3.391,0.974,0.744,4.366,77.685,22.315,17.048,956.799,274.835,209.964,1231.634
TUR,2020,3.64,0.977,0.759,4.617,78.845,21.155,16.431,1028.703,276.006,214.372,1304.709
USA,2003,6.524,7.982,2.053,14.506,44.974,55.026,14.15,2576.25,3152.016,810.557,5728.266
USA,2004,6.609,7.942,2.033,14.551,45.422,54.578,13.974,2757.775,3313.643,848.396,6071.418
USA,2005,6.63,7.949,2.028,14.579,45.476,54.524,13.913,2925.43,3507.493,894.996,6432.923
USA,2006,6.784,7.925,2.012,14.709,46.119,53.881,13.678,3140.911,3669.515,931.531,6810.427
USA,2007,6.886,8.032,2.028,14.918,46.16,53.84,13.597,3308.849,3859.404,974.654,7168.252
USA,2008,7.197,8.011,2.032,15.207,47.323,52.677,13.359,3495.367,3890.769,986.744,7386.136
USA,2009,7.831,8.37,2.049,16.201,48.337,51.663,12.648,3695.761,3950.12,967.027,7645.881
USA,2010,7.887,8.311,2.003,16.197,48.691,51.309,12.368,3836.86,4043.177,974.596,7880.037
USA,2011,7.875,8.265,1.988,16.14,48.789,51.211,12.32,3942.476,4138.153,995.545,8080.629
USA,2012,7.852,8.268,1.988,16.12,48.712,51.288,12.335,4066.19,4281.301,1029.693,8347.491
USA,2013,7.905,8.087,1.965,15.992,49.432,50.568,12.287,4212.705,4309.456,1047.159,8522.161
USA,2014,13.375,2.824,1.942,16.199,82.566,17.434,11.987,7372.838,1556.783,1070.433,8929.621
USA,2015,13.669,2.821,1.942,16.491,82.891,17.109,11.775,7759.013,1601.483,1102.154,9360.496
USA,2016,13.916,2.886,1.957,16.802,82.823,17.177,11.65,8052.738,1670.124,1132.677,9722.862
USA,2017,13.892,2.876,1.914,16.768,82.85,17.15,11.418,8322.319,1722.715,1146.925,10045.033
USA,2018,13.783,2.847,1.884,16.63,82.883,17.117,11.328,8658.983,1788.311,1183.494,10447.293
USA,2019,13.787,2.879,1.885,16.666,82.725,17.275,11.308,8978.026,1874.813,1227.272,10852.838
USA,2020,15.861,2.896,1.863,18.756,84.562,15.438,9.931,10076.372,1839.574,1183.378,11915.945
ZAF,2003,2.791,4.25,0.868,7.041,39.636,60.364,12.326,,,,
ZAF,2004,2.732,4.207,0.822,6.938,39.369,60.631,11.846,,,,
ZAF,2005,2.745,4.117,0.776,6.862,40.002,59.998,11.313,,,,
ZAF,2006,2.837,4.039,0.728,6.877,41.259,58.741,10.583,,,,
ZAF,2007,2.919,3.986,0.67,6.905,42.272,57.728,9.703,,,,
ZAF,2008,2.998,4.15,0.632,7.148,41.94,58.06,8.843,,,,
ZAF,2009,3.381,4.269,0.62,7.649,44.193,55.807,8.11,,,,
ZAF,2010,3.572,4.222,0.623,7.794,45.833,54.167,7.995,,,,
ZAF,2011,3.692,4.252,0.616,7.944,46.474,53.526,7.751,503.683,580.106,84.003,1083.789
ZAF,2012,3.696,4.308,0.618,8.004,46.18,53.82,7.722,510.515,594.964,85.365,1105.479
ZAF,2013,3.699,4.404,0.617,8.103,45.652,54.348,7.61,524.267,624.133,87.394,1148.4
ZAF,2014,3.64,4.232,0.446,7.871,46.238,53.762,5.664,512.453,595.851,62.774,1108.303
ZAF,2015,3.753,4.3,0.462,8.053,46.607,53.393,5.736,536.733,614.873,66.061,1151.605
ZAF,2016,3.751,4.329,0.467,8.08,46.425,53.575,5.786,540.141,623.341,67.313,1163.482
ZAF,2017,3.745,4.232,0.465,7.977,46.945,53.055,5.835,539.627,609.872,67.069,1149.499
ZAF,2018,3.792,4.285,0.471,8.077,46.948,53.052,5.828,559.76,632.53,69.491,1192.289
ZAF,2019,3.945,4.285,0.471,8.23,47.938,52.062,5.719,585.896,636.306,69.895,1222.202
ZAF,2020,4.344,4.184,0.457,8.528,50.94,49.06,5.358,603.046,580.8,63.425,1183.846